"ew_start","ew","geocode","sum_of_cases","cases_est_id","cases_est_id_min","cases_est_id_max","mintemp","meantemp","maxtemp","minumid","meanumid","maxumid","pop","inc_level","receptive","transmission"
2017-12-31,201801,5300108,101,101,101,101,18.8571428571429,19.8428571428571,20.8571428571429,83.2528934285714,89.8873771428571,94.8225114285714,3055149,1,1,1
2018-01-07,201802,5300108,82,82,82,82,18,19.5714285714286,21.2857142857143,75.7994037142857,82.27582,89.8707705714286,3055149,0,1,0
2018-01-14,201803,5300108,88,88,88,88,17.2857142857143,20.0857142857143,23.1428571428571,60.333589,74.5576338571429,89.0138111428571,3055149,0,1,0
2018-01-21,201804,5300108,59,59,59,59,18.4285714285714,21.5359211428571,26.1428571428571,44.8479174285714,68.2273435714286,86.0537834285714,3055149,0,0,0
2018-01-28,201805,5300108,76,76,76,76,19.4285714285714,20.5428571428571,21.7142857142857,81.0663728571429,87.810627,94.0323171428571,3055149,0,1,0
2018-02-04,201806,5300108,83,83,83,83,18.1428571428571,19.4515875714286,21.4285714285714,77.7775105714286,87.7539664285714,97.5495188571429,3055149,0,1,0
2018-02-11,201807,5300108,77,77,77,77,18.5714285714286,20.6,23.1428571428571,63.9317058571429,75.6478842857143,86.1030914285714,3055149,0,0,0
2018-02-18,201808,5300108,65,65,65,65,19,20.2630951428571,22,75.0327,86.2730742857143,92.4215042857143,3055149,0,1,0
2018-02-25,201809,5300108,88,88,88,88,18.4285714285714,21.7639282857143,26.1428571428571,53.5405731428571,75.254332,91.5219485714286,3055149,0,1,0
2018-03-04,201810,5300108,105,105,105,105,18.6666666666667,20.004545,21.3333333333333,76.0057316666667,84.1354466666667,93.9670533333333,3055149,1,1,1
2018-03-11,201811,5300108,133,133,133,133,18.8571428571429,20.9327201428571,24,70.6755931428571,85.3534727142857,93.2236442857143,3055149,1,1,1
2018-03-18,201812,5300108,103,103,103,103,17.8571428571429,20.121212,22.5714285714286,76.319258,86.3466601428571,96.5247668571429,3055149,1,1,0
2018-03-25,201813,5300108,111,111,111,111,17.5714285714286,19.5604977142857,22,71.2884814285714,80.9323821428572,90.8387157142857,3055149,1,1,0
2018-04-01,201814,5300108,150,150,150,150,18.1428571428571,19.7884197142857,21.8571428571429,76.5665478571429,86.8595385714286,94.0413757142857,3055149,1,1,1
2018-04-04,201815,5300108,151,151,151,151,17.1428571428571,18.3544371428571,19.8571428571429,82.464787,88.9460402857143,94.757966,3055149,1,1,1
2018-04-15,201816,5300108,148,148,148,148,15.7142857142857,18.6961041428571,21.8571428571429,69.9775341428571,83.5250631428571,93.0175534285714,3055149,1,0,0
2018-04-22,201817,5300108,132,132,132,132,15.5714285714286,20.3333334285714,26.4285714285714,46.9750641428571,74.7060045714286,93.0111654285714,3055149,1,0,0
2018-04-29,201818,5300108,99,99,99,99,14.8571428571429,20.4583337142857,27,38.6471891428571,67.5512401428571,89.8055657142857,3055149,1,0,0
2018-05-06,201819,5300108,135,135,135,135,12.7142857142857,19.4226188571429,26,37.4296558571429,67.552808,94.6480642857143,3055149,1,0,0
2018-05-13,201820,5300108,103,103,103,103,12.4285714285714,19.2023811428571,26.7142857142857,36.3938718571429,69.71466,94.6910357142857,3055149,1,0,0
2018-05-20,201821,5300108,63,63,63,63,12.8571428571429,15.5243505714286,19.5714285714286,69.2745392857143,84.9002027142857,94.6691857142857,3055149,0,0,0
2018-05-27,201822,5300108,76,76,76,76,10.8571428571429,13.9925324285714,17.5714285714286,69.8190568571429,83.2202651428571,93.6589785714286,3055149,0,0,0
2018-06-03,201823,5300108,62,62,62,62,12.2857142857143,15.2126624285714,19.1428571428571,68.7794932857143,83.6093564285714,92.8212042857143,3055149,0,0,0
2018-06-10,201824,5300108,70,70,70,70,12,15.0308444285714,19.1428571428571,66.0816021428571,83.2826702857143,95.4712491428571,3055149,0,0,0
2018-06-17,201825,5300108,73,73,73,73,10.8571428571429,13.9464284285714,18.2857142857143,59.9280891428571,78.8835492857143,91.0082948571429,3055149,0,0,0
2018-06-24,201826,5300108,73,73,73,73,9.57142857142857,12.6138528571429,17,61.8806012857143,78.8331087142857,90.122995,3055149,0,0,0
2018-07-01,201827,5300108,41,41,41,41,8.71428571428571,12.4994588571429,17,61.146714,78.7596252857143,92.5800475714286,3055149,0,0,0
2018-07-08,201828,5300108,52,52,52,52,11.1428571428571,14.1899351428571,18.5714285714286,61.4436665714286,79.2669381428571,90.231216,3055149,0,0,0
2018-07-15,201829,5300108,47,47,47,47,10.5714285714286,16.2938312857143,22.7142857142857,40.7287048571429,65.9835537142857,89.2166221428571,3055149,0,0,0
2018-07-22,201830,5300108,37,37,37,37,9.28571428571429,17.0059525714286,25.1428571428571,26.7521431428571,57.3098288571429,88.3618034285714,3055149,0,0,0
2018-07-29,201831,5300108,30,30,30,30,11,19.5238094285714,28.4285714285714,21.6808644285714,54.618591,87.6890871428571,3055149,0,0,0
2018-08-05,201832,5300108,27,27,27,27,14.1428571428571,21.0119048571429,28.7142857142857,29.1533562857143,60.9638951428571,89.5315942857143,3055149,0,0,0
2018-08-12,201833,5300108,46,46,46,46,12.2857142857143,16.411008,22.1428571428571,43.2940031428571,66.3062278571429,85.5404807142857,3055149,0,0,0
2018-08-19,201834,5300108,38,38,38,38,12.8571428571429,16.1650432857143,19.8571428571429,55.3196785714286,70.9141297142857,85.2993865714286,3055149,0,0,0
2018-08-26,201835,5300108,44,44,44,44,14,17.4128788571429,21.4285714285714,49.2310167142857,65.5264721428571,84.0712191428571,3055149,0,0,0
2018-09-02,201836,5300108,52,52,52,52,13,17.1336582857143,22,48.7459614285714,67.8282804285714,85.4367364285714,3055149,0,0,0
2018-09-09,201837,5300108,44,44,44,44,12.8571428571429,16.6715364285714,21.5714285714286,44.3758081428571,65.2829797142857,82.8850302857143,3055149,0,0,0
2018-09-16,201838,5300108,48,48,48,48,15.8571428571429,18.3245671428571,21.8571428571429,73.5056512857143,90.2123874285714,99.1328242857143,3055149,0,0,0
2018-09-23,201839,5300108,48,48,48,48,15.1428571428571,18.7716451428571,23.4285714285714,51.677306,75.6999955714286,92.1393,3055149,0,0,0
2018-09-30,201840,5300108,45,45,45,45,18,19.977273,22,69.39496,81.64804125,92.5434725,3055149,0,1,0
2018-10-07,201841,5300108,70,70,70,70,18,NA,NA,NA,NA,96.27173625,3055149,0,1,0
2018-10-14,201842,5300108,57,57,57,57,18,20.068182,22,80.951455,89.99922,100,3055149,0,1,0
2018-10-21,201843,5300108,69,69,69,69,19.1428571428571,20.5091991428571,22.7142857142857,79.030422,89.3454042857143,96.6209914285714,3055149,0,1,0
2018-10-28,201844,5300108,74,74,74,74,19.7142857142857,21.0162337142857,23.1428571428571,73.9152668571429,84.7162965714286,91.5414748571429,3055149,0,1,0
2018-11-04,201845,5300108,57,57,57,57,19.1428571428571,19.904762,21.2857142857143,82.5312428571429,90.7268385714286,96.5504714285714,3055149,0,1,0
2018-11-11,201846,5300108,64,64,64,64,18.8571428571429,20.1821424285714,22.2857142857143,81.5304237142857,91.2821378571429,97.4238985714286,3055149,0,1,0
2018-11-18,201847,5300108,97,97,97,97,19,20.3813491428571,22.4285714285714,79.793325,88.9910134285714,94.88671,3055149,1,1,1
2018-11-25,201848,5300108,100,100,100,100,18.5714285714286,19.9178571428571,21.8571428571429,77.6836178571428,86.2330228571429,92.3061191428571,3055149,1,1,1
2018-12-02,201849,5300108,108,108,108,108,19.7142857142857,20.6674601428571,22.5714285714286,80.9390635714286,89.3434171428571,94.8811542857143,3055149,1,1,0
2018-12-09,201850,5300108,117,117,117,117,19.4761904761905,NA,NA,NA,NA,94.6057857904762,3055149,1,1,0
2018-12-16,201851,5300108,147,147,147,147,19.2380952380952,NA,NA,NA,NA,94.3304172952381,3055149,1,1,1
2018-12-23,201852,5300108,130,130,130,130,19,21.4538888,24.4,67.689914,84.4303552,94.0550488,3055149,1,1,0
2018-12-30,201901,5300108,230,230,230,230,19.1428571428571,20.6857142857143,22.7142857142857,73.7355725714286,83.8881727142857,92.4099651428571,3055149,1,1,1
2019-01-06,201902,5300108,169,169,169,169,18.5714285714286,20.4428571428571,22.4285714285714,69.307483,80.7433237142857,91.609522,3055149,1,1,0
2019-01-13,201903,5300108,201,201,201,201,18.8571428571429,23.3809522857143,28.1428571428571,50.693095,68.945513,87.4907005714286,3055149,1,0,0
2019-01-20,201904,5300108,285,285,285,285,19.7142857142857,25.0297617142857,30.5714285714286,38.3832544285714,60.1835437142857,83.0639728571429,3055149,1,0,1
2019-01-27,201905,5300108,470,470,470,470,18.1428571428571,24.2380954285714,29.8571428571429,35.8593115714286,59.4086522857143,84.3868708571429,3055149,2,0,1
2019-02-03,201906,5300108,573,573,573,573,19.7142857142857,22.5376981428571,27.4285714285714,61.1307278571429,79.4637761428571,94.2076642857143,3055149,2,1,1
2019-02-10,201907,5300108,593,593,593,593,19.7142857142857,21.1714285714286,22.7142857142857,79.1729835714286,86.3459728571429,92.4445057142857,3055149,2,1,1
2019-02-17,201908,5300108,779,779,779,779,19.4285714285714,20.4155845714286,21.5714285714286,81.75066,88.9575744285714,93.9681185714286,3055149,2,1,1
2019-02-24,201909,5300108,841,841,841,841,19.7142857142857,21.051948,22.4285714285714,80.3762864285714,88.1935692857143,94.8479371428571,3055149,2,1,1
2019-03-03,201910,5300108,890,890,890,890,18.1428571428571,19.6636362857143,20.7142857142857,86.1104091428572,91.5836028571428,97.4111857142857,3055149,2,1,1
2019-03-10,201911,5300108,1168,1168,1168,1168,20.1428571428571,21.2727271428571,23.2857142857143,75.8468071428571,84.7204107142857,89.9537328571429,3055149,2,1,1
2019-03-17,201912,5300108,1637,1637,1637,1637,19.5714285714286,20.6064934285714,22.1428571428571,83.27312,90.6354621428571,96.5694357142857,3055149,2,1,1
2019-03-24,201913,5300108,1703,1703,1703,1703,19.8571428571429,20.6363637142857,22,85.54249,90.6411265714286,95.6895477142857,3055149,2,1,1
2019-03-31,201914,5300108,1776,1776,1776,1776,19.2857142857143,20.9000002857143,23.1428571428571,75.171833,86.1333492857143,92.368972,3055149,2,1,1
2019-04-07,201915,5300108,1787,1787,1787,1787,19.7142857142857,20.8005414285714,22.4285714285714,84.2214247142857,92.1561428571429,98.2973257142857,3055149,2,1,1
2019-04-14,201916,5300108,1696,1696,1696,1696,19.5714285714286,21.0499498571429,22.8571428571429,82.6224417142857,91.0609585714286,96.5757571428571,3055149,2,1,0
2019-04-21,201917,5300108,2246,2246,2246,2246,18.4285714285714,20.3966031428571,22.7142857142857,81.288248,88.5482148571429,95.7106234285714,3055149,2,1,1
2019-04-28,201918,5300108,2286,2286,2286,2286,19.5714285714286,20.8285717142857,23.1428571428571,78.6254758571429,89.233367,94.8872657142857,3055149,2,1,1
2019-05-05,201919,5300108,2313,2313,2313,2313,18.5714285714286,20.9334417142857,24,71.0238592857143,84.4866135714286,94.8097285714286,3055149,2,1,1
2019-05-12,201920,5300108,2951,2951,2951,2951,17.7142857142857,19.4727274285714,21.7142857142857,77.0606534285714,86.6759622857143,93.9574691428571,3055149,2,1,1
2019-05-19,201921,5300108,3445,3445,3445,3445,16,18.496104,22.2857142857143,69.5596885714286,84.029065,93.8726014285714,3055149,2,0,1
2019-05-26,201922,5300108,3883,3883,3883,3883,16.4285714285714,18.766234,22.2857142857143,69.060529,83.0533162857143,92.1806434285714,3055149,2,0,1
2019-06-02,201923,5300108,3349,3349,3349,3349,15.7142857142857,18.4935071428571,21.5714285714286,69.5694294285714,79.4126234285714,89.61977,3055149,2,0,0
2019-06-09,201924,5300108,2577,2577,2577,2577,14.7142857142857,17.83171,20.8571428571429,64.6974814285714,76.6860707142857,88.9108057142857,3055149,2,0,0
2019-06-16,201925,5300108,1602,1602,1602,1602,13.4285714285714,16.1168832857143,20,62.9884997142857,77.3012927142857,87.9628457142857,3055149,2,0,0
2019-06-23,201926,5300108,1104,1104,1104,1104,13.8571428571429,16.6363635714286,20.7142857142857,58.2690801428571,74.8542935714286,86.2513228571429,3055149,2,0,0
2019-06-30,201927,5300108,787,787,787,787,13.4285714285714,16.1181817142857,20.1428571428571,62.3600285714286,78.1196452857143,87.0082451428571,3055149,2,0,0
2019-07-07,201928,5300108,400,400,400,400,11,14.2077921428571,18.5714285714286,55.5645845714286,70.8505108571429,84.3199878571429,3055149,1,0,0
2019-07-14,201929,5300108,322,322,322,322,13.2857142857143,16.2597402857143,20.2857142857143,52.8261578571429,67.1946792857143,78.3096692857143,3055149,1,0,0
2019-07-21,201930,5300108,247,247,247,247,13.4285714285714,16.0259738571429,19.2857142857143,60.1033567142857,73.9442892857143,83.0919731428571,3055149,1,0,0
2019-07-28,201931,5300108,249,249,249,249,13.7142857142857,17.0259741428571,21.7142857142857,47.1138647142857,65.355831,79.92182,3055149,1,0,0
2019-08-04,201932,5300108,183,183,183,183,14.7142857142857,17.3116881428571,21.1428571428571,53.880869,72.8886507142857,85.57731,3055149,1,0,0
2019-08-11,201933,5300108,179,179,179,179,15.1428571428571,18.2337664285714,22,45.6748382857143,59.9574537142857,73.8403124285714,3055149,1,0,0
2019-08-18,201934,5300108,150,150,150,150,16.8571428571429,19.9220777142857,24.2857142857143,38.3258545714286,54.4558552857143,68.579201,3055149,1,0,0
2019-08-25,201935,5300108,116,116,116,116,16.4285714285714,19.3766231428571,23.1428571428571,43.5347438571429,57.7209194285714,70.4861752857143,3055149,1,0,0
2019-09-01,201936,5300108,141,141,141,141,16.7142857142857,20.151948,25.1428571428571,34.5350757142857,51.5059137142857,66.1342802857143,3055149,1,0,0
2019-09-08,201937,5300108,147,147,147,147,16.5714285714286,20.0025974285714,25.2857142857143,36.7817517142857,53.16735,65.1175161428571,3055149,1,0,0
2019-09-15,201938,5300108,157,157,157,157,17.8571428571429,21.2285714285714,26.1428571428571,30.6542451428571,44.6969718571429,57.2333657142857,3055149,1,0,0
2019-09-22,201939,5300108,195,195,195,195,19.5714285714286,21.7844154285714,24.8571428571429,52.4830275714286,63.9959984285714,73.0459488571429,3055149,1,0,1
2019-09-29,201940,5300108,191,191,191,191,19.4285714285714,22.52987,25.8571428571429,48.9821551428571,63.4991004285714,77.5876118571429,3055149,1,0,0
2019-10-06,201941,5300108,196,196,196,196,20.7142857142857,22.6155842857143,25.2857142857143,55.0464801428571,72.5207528571429,83.9983814285714,3055149,1,0,0
2019-10-13,201942,5300108,189,189,189,189,17.4285714285714,21.5350648571429,26.4285714285714,35.6002271428571,52.131513,68.6735242857143,3055149,1,0,0
2019-10-20,201943,5300108,188,188,188,188,20.4285714285714,22.4883117142857,24.8571428571429,62.8859527142857,73.8886335714286,82.4392952857143,3055149,1,0,0
2019-10-27,201944,5300108,210,210,210,210,20.7142857142857,22.7467534285714,25.1428571428571,56.3240627142857,68.55201,78.771418,3055149,1,0,0
2019-11-03,201945,5300108,156,156,156,156,20.8571428571429,22.6428571428571,24.4285714285714,66.3822857142857,77.605495,88.4662028571429,3055149,1,1,0
2019-11-10,201946,5300108,187,187,187,187,21.5714285714286,23.8428571428571,26.7142857142857,51.9924652857143,64.6643605714286,74.6293081428571,3055149,1,0,0
2019-11-17,201947,5300108,175,175,175,175,19.7142857142857,20.6650792857143,21.7142857142857,80.26802,86.5033892857143,93.1467334285714,3055149,1,1,0
2019-11-24,201948,5300108,160,160,160,160,20.7142857142857,21.7,22.8571428571429,81.9633924285714,88.4090734285714,93.2093914285714,3055149,1,1,0
2019-12-01,201949,5300108,206,206,206,206,21,21.7571428571429,22.4285714285714,84.0757014285714,88.7458828571429,94.9301385714286,3055149,1,1,0
2019-12-08,201950,5300108,203,203,203,203,20.5714285714286,21.3210315714286,22.5714285714286,82.46952,89.4822734285714,94.9120657142857,3055149,1,1,0
2019-12-15,201951,5300108,214,214,214,214,20.1428571428571,22.1428571428571,24.8571428571429,66.7672311428571,76.6244357142857,85.4108108571428,3055149,1,0,0
2019-12-22,201952,5300108,147,147,147,147,20.2857142857143,21.8158728571429,24,70.7298128571429,81.7564242857143,88.5374357142857,3055149,1,1,0
2019-12-29,202001,5300108,228,228,228,228,20.6666666666667,22.9694443333333,27,58.8144246666667,78.256815,91.3808733333333,3055149,1,1,1
2020-01-05,202002,5300108,480,480,480,480,20.2857142857143,23.5523805714286,27.5714285714286,61.600405,81.0192821428572,94.93646,3055149,2,1,1
2020-01-12,202003,5300108,739,739,739,739,20.8571428571429,26.1309522857143,31.4285714285714,40.339235,61.9866042857143,84.6269542857143,3055149,2,0,1
2020-01-19,202004,5300108,926,926,926,926,21.1428571428571,23.4345237142857,27.1428571428571,64.8863707142857,82.469923,94.0437657142857,3055149,2,1,1
2020-01-26,202005,5300108,920,920,920,920,20.5714285714286,24.0952377142857,29.1428571428571,52.7331998571429,76.7092428571429,94.0694242857143,3055149,2,1,1
2020-02-02,202006,5300108,1196,1196,1196,1196,20,22.6011905714286,25.4285714285714,68.9063538571429,82.0111215714286,93.2598771428571,3055149,2,1,1
2020-02-09,202007,5300108,1454,1454,1454,1454,19.8571428571429,21.1142857142857,22.2857142857143,83.8569494285714,89.6373401428571,94.0811228571429,3055149,2,1,1
2020-02-16,202008,5300108,2169,2169,2169,2169,21,22.4025971428571,23.7142857142857,76.6478397142857,84.3276742857143,93.3246265714286,3055149,2,1,1
2020-02-23,202009,5300108,2585,2585,2585,2585,20.5714285714286,22.8566017142857,26.7142857142857,67.8492261428571,84.7401114285714,94.9481585714286,3055149,2,1,1
2020-03-01,202010,5300108,3110,3110,3110,3110,20.2857142857143,22.297078,24.8571428571429,73.098703,86.4160564285714,97.4428628571429,3055149,2,1,1
2020-03-08,202011,5300108,3189,3189,3189,3189,20.7142857142857,23.1352811428571,26.7142857142857,64.1798621428571,81.3387764285714,93.2664471428571,3055149,2,1,1
2020-03-15,202012,5300108,2608,2608,2608,2608,19.7142857142857,22.5995671428571,26.5714285714286,58.973507,77.6681498571429,90.8647865714286,3055149,2,1,0
2020-03-22,202013,5300108,2347,2347,2347,2347,20.1428571428571,22.1428571428571,26.2857142857143,69.186956,87.7532198571429,98.2973257142857,3055149,2,1,0
2020-03-29,202014,5300108,2624,2624,2624,2624,19.5714285714286,24.9285714285714,30.2857142857143,44.5349284285714,69.1127041428571,92.4085957142857,3055149,2,1,0
2020-04-05,202015,5300108,3635,3635,3635,3635,20.7142857142857,24.2083331428571,29.5714285714286,52.911129,78.1272734285714,94.9730985714286,3055149,2,1,1
2020-04-12,202016,5300108,3674,3674,3674,3674,19.8571428571429,22.5357142857143,26.2857142857143,64.168793,82.8242042857143,94.9302085714286,3055149,2,1,1
2020-04-19,202017,5300108,3452,3452,3452,3452,19.8571428571429,22.0238094285714,25.4285714285714,68.5638907142857,84.919722,94.9427114285714,3055149,2,1,1
2020-04-26,202018,5300108,3737,3737,3737,3737,15.2857142857143,21.1964285714286,27,44.7584124285714,70.0920012857143,93.7856005714286,3055149,2,0,1
2020-05-03,202019,5300108,3277,3277,3277,3277,16.1428571428571,21.1130954285714,26.4285714285714,47.779535,71.2979182857143,90.4847614285714,3055149,2,0,0
2020-05-10,202020,5300108,2813,2813,2813,2813,15.5714285714286,20.295238,26,54.4287637142857,77.5833255714286,95.54601,3055149,2,0,0
2020-05-17,202021,5300108,2402,2402,2402,2402,16.8571428571429,21.2797622857143,26.1428571428571,56.1353478571429,77.6645612857143,94.7384354285714,3055149,2,0,0
2020-05-24,202022,5300108,2099,2099,2099,2099,13.5714285714286,19.6904765714286,26.2857142857143,42.2619901428571,69.9062687142857,92.0528768571429,3055149,2,0,0
2020-05-31,202023,5300108,1787,1787,1787,1787,13.8571428571429,20.6309522857143,27.5714285714286,43.6918814285714,70.5141934285714,93.724342,3055149,2,0,0
2020-06-07,202024,5300108,1410,1410,1410,1410,14.1666666666667,20.402778,27.3333333333333,40.215806,69.6592866666667,93.803185,3055149,2,0,0
2020-06-14,202025,5300108,944,944,944,944,16,19.16789625,24,52.2088125,73.9081525,86.82093,3055149,2,0,0
2020-06-21,202026,5300108,812,812,812,812,12.25,18.24442575,26.5,42.09459375,69.42213875,92.130341,3055149,2,0,0
2020-06-28,202027,5300108,820,820,820,820,12.75,19.39533525,26.25,41.28447925,65.10611175,87.7548365,3055149,2,0,0
2020-07-05,202028,5300108,619,619,619,619,12.5714285714286,19.1090455714286,26.1428571428571,36.1689917142857,64.1549684285714,88.6165742857143,3055149,2,0,0
2020-07-12,202029,5300108,588,588,588,588,11.4285714285714,19.3206994285714,27.1428571428571,29.6686241428571,56.5115657142857,85.074415,3055149,2,0,0
2020-07-19,202030,5300108,509,509,509,509,11.4285714285714,19.3062768571429,26.1428571428571,35.8624102857143,60.0307062857143,90.687838,3055149,2,0,0
2020-07-26,202031,5300108,409,409,409,409,13.5714285714286,20.4030982857143,27,32.3109621428571,57.982508,85.3140458571429,3055149,1,0,0
2020-08-02,202032,5300108,286,286,286,286,13.2857142857143,18.6803834285714,24.4285714285714,37.3312118571429,57.4005497142857,77.6079342857143,3055149,1,0,0
2020-08-09,202033,5300108,342,342,342,342,14,21.3943391428571,28.4285714285714,30.1924594285714,53.8767831428571,80.6486957142857,3055149,1,0,0
2020-08-16,202034,5300108,322,322,322,322,16.1428571428571,23.8683888571429,30.7142857142857,31.3650547142857,53.2130517142857,81.0905214285714,3055149,1,0,0
2020-08-23,202035,5300108,296,296,296,296,13.4285714285714,21.028468,28.8571428571429,26.6237167142857,51.4758597142857,77.2957211428571,3055149,1,0,0
2020-08-30,202036,5300108,349,349,349,349,14.7142857142857,22.6461977142857,29.8571428571429,25.652764,45.7134751428571,71.5903858571429,3055149,1,0,0
2020-09-06,202037,5300108,356,356,356,356,14.5714285714286,23.5127751428571,31.2857142857143,21.5614704285714,42.6524082857143,72.0561828571429,3055149,1,0,0
2020-09-13,202038,5300108,364,364,364,364,17.5714285714286,24.7060042857143,31.1428571428571,22.710204,39.6025677142857,62.0121022857143,3055149,1,0,0
2020-09-20,202039,5300108,306,306,306,306,18.1428571428571,23.8338508571429,30,36.3818038571429,60.7414517142857,85.2838851428571,3055149,1,0,0
2020-09-27,202040,5300108,301,301,301,301,17.2857142857143,25.8045065714286,33.7142857142857,19.7423272857143,39.3952008571429,65.7091887142857,3055149,1,0,0
2020-10-04,202041,5300108,287,287,287,287,20.1428571428571,28.0147517142857,35.7142857142857,17.996575,36.8508507142857,62.5708698571429,3055149,1,0,0
2020-10-11,202042,5300108,272,272,272,272,20,24.7814791428571,30.7142857142857,39.6213817142857,64.3453175714286,86.1631828571429,3055149,1,0,0
2020-10-18,202043,5300108,215,215,215,215,19.8571428571429,22.5866742857143,26.5714285714286,61.2628961428571,80.1241831428571,94.16264,3055149,1,1,0
2020-10-25,202044,5300108,215,215,215,215,20.5714285714286,23.3482968571429,27.5714285714286,56.511382,78.1103414285714,93.2780757142857,3055149,1,1,0
2020-11-01,202045,5300108,314,314,314,314,19.2857142857143,23.0226568571429,28.4285714285714,49.5668171428571,76.4401137142857,94.8811542857143,3055149,1,1,1
2020-11-08,202046,5300108,299,299,299,299,20.1666666666667,23.8993466666667,29.1666666666667,48.799564,74.2262956666667,90.4472266666667,3055149,1,1,1
2020-11-15,202047,5300108,280,280,280,280,19.7142857142857,23.4233951428571,28.1428571428571,56.0577165714286,78.051455,94.98075,3055149,1,1,0
2020-11-22,202048,5300108,305,305,305,305,19.4,22.6426876,26.8,55.6382074,76.536782,92.8488008,3055149,1,1,0
2020-11-29,202049,5300108,465,465,465,465,19.32,NA,NA,NA,NA,91.93296164,3055149,2,1,1
2020-12-06,202050,5300108,415,415,415,415,19.24,NA,NA,NA,NA,91.01712248,3055149,2,1,1
2020-12-13,202051,5300108,447,447,447,447,19.16,NA,NA,NA,NA,90.10128332,3055149,2,1,0
2020-12-20,202052,5300108,407,407,407,407,19.08,NA,NA,NA,NA,89.18544416,3055149,1,1,0
2020-12-27,202053,5300108,300,300,300,300,19,22.625,29,43.828385,70.346973,88.269605,3055149,1,1,0
2021-01-03,202101,5300108,454,454,454,454,19.1428571428571,23.405538,28.7142857142857,47.3362918571429,73.1375412857143,91.5289014285714,3055149,1,1,1
2021-01-10,202102,5300108,411,411,411,411,19.5714285714286,22.154729,26.5714285714286,60.8395625714286,81.7848205714286,96.5695057142857,3055149,1,1,1
2021-01-17,202103,5300108,420,420,420,420,17.8571428571429,23.3387445714286,28.1428571428571,43.1606454285714,65.5975597142857,91.6025291428571,3055149,1,1,1
2021-01-24,202104,5300108,378,378,378,378,18.2857142857143,23.1924601428571,28.1428571428571,43.7780817142857,63.7151582857143,84.5731074285714,3055149,1,0,0
2021-01-31,202105,5300108,443,443,443,443,19.7142857142857,23.2533314285714,27.5714285714286,54.7082732857143,74.4659757142857,90.0852285714286,3055149,1,1,0
2021-02-07,202106,5300108,478,478,478,478,18.8571428571429,21.139234,25.1428571428571,67.4999421428571,84.8033824285714,95.7417291428571,3055149,1,1,1
2021-02-14,202107,5300108,639,639,639,639,19.8571428571429,21.5729814285714,25.7142857142857,67.941441,87.0259122857143,97.43029,3055149,1,1,1
2021-02-21,202108,5300108,552,552,552,552,19,21.0818558571429,24.8571428571429,68.6904364285714,85.4754722857143,95.7024,3055149,1,1,0
2021-02-28,202109,5300108,739,739,739,739,18.2857142857143,21.7889851428571,25.4285714285714,60.481756,76.8389297142857,93.20218,3055149,1,1,1
2021-03-07,202110,5300108,577,577,577,577,19.4285714285714,21.9704968571429,26.4285714285714,57.9639117142857,80.3793621428571,94.0377471428571,3055149,1,1,0
2021-03-14,202111,5300108,592,592,592,592,19.2857142857143,21.7251725714286,25.2857142857143,61.589928,81.2212574285714,96.54408,3055149,1,1,0
2021-03-21,202112,5300108,574,574,574,574,16.4285714285714,22.3869045714286,28.1428571428571,38.4806095714286,63.8930594285714,88.9287742857143,3055149,1,0,0
2021-03-28,202113,5300108,668,668,668,668,17.7142857142857,23.504348,29.4285714285714,40.2301368571429,64.6507262857143,89.8154948571429,3055149,1,1,1
2021-04-04,202114,5300108,791,791,791,791,18.2857142857143,21.1607142857143,25.2857142857143,59.3112671428571,79.5558544285714,94.8571971428571,3055149,1,1,1
2021-04-11,202115,5300108,833,833,833,833,16.2857142857143,21.7261905714286,27.2857142857143,43.7768872857143,67.434619,89.7070257142857,3055149,1,0,1
2021-04-18,202116,5300108,968,968,968,968,15.2857142857143,19.9399095714286,25.1428571428571,50.37927,73.4630407142857,93.89014,3055149,1,0,1
2021-04-25,202117,5300108,896,896,896,896,17.5714285714286,21.5520185714286,25.8571428571429,54.2797311428571,77.3551394285714,95.7048842857143,3055149,1,1,0
2021-05-02,202118,5300108,986,986,986,986,14.5714285714286,20.4880954285714,26.1428571428571,42.5059274285714,67.5060581428571,88.9441585714286,3055149,1,0,1
2021-05-09,202119,5300108,1002,1002,1002,1002,14.1428571428571,20.125,25.7142857142857,41.1646547142857,64.3450831428571,88.6733928571429,3055149,1,0,0
2021-05-16,202120,5300108,971,971,971,971,13,20.4761905714286,27.1428571428571,35.1850972857143,62.314748,91.2107414285714,3055149,1,0,0
2021-05-23,202121,5300108,895,895,895,895,16.7142857142857,22.375,28.4285714285714,42.8719665714286,67.7113187142857,92.2280257142857,3055149,1,0,0
2021-05-30,202122,5300108,920,920,920,920,14,20.5736282857143,27.2857142857143,37.631327,63.6846164285714,87.9087857142857,3055149,1,0,0
2021-06-06,202123,5300108,799,799,799,799,15,20.0833335714286,25.8571428571429,45.2684524285714,67.8732564285714,88.7808271428571,3055149,1,0,0
2021-06-13,202124,5300108,688,688,688,688,14.2857142857143,19.9184782857143,25.2857142857143,43.005393,64.0337278571428,86.6938714285714,3055149,1,0,0
2021-06-20,202125,5300108,544,544,544,544,13,19.931112,26.8571428571429,32.6517378571429,60.1422724285714,87.7259265714286,3055149,1,0,0
2021-06-27,202126,5300108,489,489,489,489,10.8571428571429,17.5344437142857,24.1428571428571,37.5027352857143,59.7952774285714,83.5715771428571,3055149,1,0,0
2021-07-04,202127,5300108,361,361,361,361,9.28571428571429,17.5155282857143,25.2857142857143,29.4734464285714,55.942113,84.98449,3055149,1,0,0
2021-07-11,202128,5300108,289,289,289,289,10.1428571428571,18.5222565714286,26.1428571428571,31.4361722857143,56.1268215714286,84.1847835714286,3055149,1,0,0
2021-07-18,202129,5300108,282,282,282,282,12.7142857142857,19.6708077142857,26.2857142857143,31.2764212857143,51.354167,74.9124467142857,3055149,1,0,0
2021-07-25,202130,5300108,249,249,249,249,10.5714285714286,18.7826088571429,26.7142857142857,31.1257135714286,49.8458544285714,75.366805,3055149,1,0,0
2021-08-01,202131,5300108,262,262,262,262,13.5714285714286,19.2289665714286,24.7142857142857,36.0426724285714,55.1886467142857,76.406646,3055149,1,0,0
2021-08-08,202132,5300108,223,223,223,223,12.1428571428571,20.2732914285714,27.5714285714286,27.7660268571429,50.8448611428571,79.8900945714286,3055149,1,0,0
2021-08-15,202133,5300108,159,159,159,159,12.7142857142857,20.7950314285714,27.8571428571429,26.1762268571429,46.1761064285714,74.385162,3055149,0,0,0
2021-08-22,202134,5300108,145,145,145,145,14.2857142857143,22.5527948571429,30,24.613081,44.6969774285714,71.4570802857143,3055149,0,0,0
2021-08-29,202135,5300108,189,189,189,189,15.7142857142857,22.1380345714286,28.7142857142857,28.6732232857143,49.6873562857143,73.0531564285714,3055149,0,0,0
2021-09-05,202136,5300108,175,175,175,175,16.5714285714286,25.5155277142857,33.4285714285714,17.8000632857143,37.2584027142857,64.8095248571429,3055149,0,0,0
2021-09-12,202137,5300108,193,193,193,193,16.1428571428571,24.92029,32.1428571428571,17.1883684285714,34.514394,59.2610882857143,3055149,0,0,0
2021-09-19,202138,5300108,180,180,180,180,18.1428571428571,25.714286,33,24.1409134285714,42.6825678571429,66.7016934285714,3055149,0,0,0
2021-09-26,202139,5300108,193,193,193,193,19.1428571428571,24.5157865714286,30.2857142857143,34.1598694285714,55.5234057142857,78.4010768571429,3055149,0,0,0
2021-10-03,202140,5300108,157,157,157,157,20,26.4464288571429,33,26.7316421428571,50.1387944285714,76.1088971428571,3055149,0,0,0
2021-10-10,202141,5300108,126,126,126,126,19.5714285714286,23.391634,28.8571428571429,49.1899128571429,73.6615957142857,93.2596742857143,3055149,0,1,0
2021-10-17,202142,5300108,139,139,139,139,19.1428571428571,23.406469,28.4285714285714,49.7485974285714,72.9548801428571,92.4420505714286,3055149,0,1,0
2021-10-24,202143,5300108,140,140,140,140,19.7142857142857,24.1959345714286,29.7142857142857,42.7663114285714,65.7627388571429,87.2303314285714,3055149,0,0,0
2021-10-31,202144,5300108,144,144,144,144,19.1428571428571,22.2845851428571,26.5714285714286,57.034604,79.0485935714286,94.9049228571429,3055149,0,1,0
2021-11-07,202145,5300108,226,226,226,226,19.7142857142857,21.916996,25.7142857142857,63.9031078571429,83.8560065714286,96.5695057142857,3055149,1,1,1
2021-11-14,202146,5300108,259,259,259,259,18.8571428571429,21.0626762857143,24.5714285714286,67.6370247142857,86.6335664285714,99.1392157142857,3055149,1,1,1
2021-11-21,202147,5300108,305,305,305,305,19.1428571428571,23.8032182857143,29.1428571428571,45.4034822857143,71.9879885714286,95.8185,3055149,1,1,1
2021-11-28,202148,5300108,371,371,371,371,19.4285714285714,22.835686,27.1428571428571,56.1278164285714,81.5217685714286,96.6515714285714,3055149,1,1,1
2021-12-05,202149,5300108,479,479,479,479,19.2857142857143,22.5274328571429,27.2857142857143,55.6742594285714,80.2377128571429,96.5631842857143,3055149,1,1,1
2021-12-12,202150,5300108,556,556,556,556,19.5714285714286,22.3749294285714,26.7142857142857,61.1714955714286,83.3876711428571,98.2847528571429,3055149,1,1,1
2021-12-19,202151,5300108,591,591,591,591,19.2857142857143,22.1863351428571,26.2857142857143,60.7938734285714,83.8618135714286,99.1455371428571,3055149,1,1,1
2021-12-26,202152,5300108,271,271,271,271,19.2857142857143,21.7639754285714,24.8571428571429,64.7107498571429,83.1031221428571,96.5631842857143,3055149,1,1,0
2022-01-02,202201,5300108,977,977,977,977,19.4285714285714,21.9415975714286,25.7142857142857,65.0754605714286,84.7637071428571,97.4365414285714,3055149,1,1,1
2022-01-09,202202,5300108,1008,1008,1008,1008,18.2857142857143,21.529762,25.4285714285714,62.0994928571429,81.8159628571428,95.7747814285714,3055149,1,1,1
2022-01-16,202203,5300108,1149,1149,1149,1149,19,24.0661762857143,28.8571428571429,38.1223407142857,60.8991127142857,84.439927,3055149,1,0,1
2022-01-23,202204,5300108,1383,1383,1383,1383,19.2857142857143,23.329365,27.7142857142857,42.3662232857143,68.8524324285714,88.4009338571429,3055149,2,1,1
2022-01-30,202205,5300108,1524,1524,1524,1524,19.2857142857143,22.8452382857143,27.4285714285714,55.116085,76.8378707142857,94.0717157142857,3055149,2,1,1
2022-02-06,202206,5300108,1787,1787,1787,1787,19.5714285714286,21.8537782857143,25.1428571428571,61.4136694285714,81.1187141428571,94.1018757142857,3055149,2,1,1
2022-02-13,202207,5300108,1721,1721,1721,1721,19,21.3015871428571,25.2857142857143,64.1374115714286,85.8533042857143,98.3242914285714,3055149,2,1,1
2022-02-20,202208,5300108,1869,1869,1869,1869,18.8571428571429,22.6666665714286,27.2857142857143,54.3417425714286,77.1322252857143,95.6832957142857,3055149,2,1,1
2022-02-27,202209,5300108,2264,2264,2264,2264,17.8571428571429,22.3637684285714,28,47.0274331428571,72.9869754285714,91.4735677142857,3055149,2,1,1
2022-03-06,202210,5300108,2708,2708,2708,2708,18.7142857142857,23.2678571428571,28.2857142857143,45.3070775714286,68.221165,88.2747214285714,3055149,2,1,1
2022-03-13,202211,5300108,3060,3060,3060,3060,19.7142857142857,22.5005102857143,26.7142857142857,57.9405338571429,79.7926615714286,96.6082785714286,3055149,2,1,1
2022-03-20,202212,5300108,3726,3726,3726,3726,18,23.4200681428571,28.8571428571429,43.0196412857143,66.8086637142857,90.6027648571429,3055149,2,1,1
2022-03-27,202213,5300108,4199,4199,4199,4199,18.4285714285714,24.3579401428571,30,36.4468214285714,59.8388778571429,84.3402228571429,3055149,2,0,1
2022-04-03,202214,5300108,4321,4321,4321,4321,17.2857142857143,23.2321428571429,28.4285714285714,44.125536,63.44131,87.3265614285714,3055149,2,0,1
2022-04-10,202215,5300108,4254,4254,4254,4254,19.4285714285714,23.1062924285714,28.4285714285714,50.8316565714286,74.8484662857143,93.2098842857143,3055149,2,1,1
2022-04-17,202216,5300108,5023,5023,5023,5023,16.1428571428571,22.3747414285714,28.1428571428571,40.3803115714286,64.1034552857143,89.7645371428571,3055149,2,0,1
2022-04-24,202217,5300108,4578,4578,4578,4578,17.2857142857143,22.236472,27.4285714285714,42.8870952857143,66.4426838571429,86.0567122857143,3055149,2,0,0
2022-05-01,202218,5300108,3859,3859,3859,3859,17.1428571428571,22.2571428571429,27,49.3507055714286,67.6145771428571,88.1557562857143,3055149,2,1,0
2022-05-08,202219,5300108,3497,3497,3497,3497,16.1428571428571,21.5833334285714,26.7142857142857,43.6238678571429,65.2229281428571,89.6756457142857,3055149,2,0,0
2022-05-15,202220,5300108,3489,3489,3489,3489,11.8571428571429,17.3392857142857,23.8571428571429,36.2579531428571,62.9035674285714,84.4952805714286,3055149,2,0,0
2022-05-22,202221,5300108,2557,2557,2557,2557,12.5714285714286,19.1617965714286,25.7142857142857,37.2640028571429,61.4327034285714,87.08086,3055149,2,0,0
2022-05-29,202222,5300108,2325,2325,2325,2325,12.1428571428571,19.6437072857143,27.4285714285714,31.9399344285714,56.3103858571429,81.9714232857143,3055149,2,0,0
2022-06-05,202223,5300108,1950,1950,1950,1950,13.5714285714286,18.5127551428571,24,46.0246508571429,66.5823192857143,85.4172108571429,3055149,2,0,0
2022-06-12,202224,5300108,1596,1596,1596,1596,15,20.4821425714286,26.7142857142857,40.3096182857143,62.9264948571429,85.588163,3055149,2,0,0
2022-06-19,202225,5300108,1455,1455,1455,1455,13.2857142857143,19.625,25.4285714285714,38.3953017142857,59.0751315714286,82.0726174285714,3055149,2,0,0
2022-06-26,202226,5300108,1162,1162,1162,1162,11,18.4954482857143,25.7142857142857,34.3125784285714,58.8449532857143,85.1387,3055149,1,0,0
2022-07-03,202227,5300108,810,810,810,810,12.1428571428571,18.2591992857143,24.7142857142857,39.6007082857143,61.0753394285714,82.89579,3055149,1,0,0
2022-07-10,202228,5300108,689,689,689,689,11,17.5059522857143,24.1428571428571,38.6839828571429,62.5207772857143,86.75139,3055149,1,0,0
2022-07-17,202229,5300108,581,581,581,581,12.5714285714286,18.5440477142857,24.5714285714286,39.1537008571429,58.6534278571429,80.6108865714286,3055149,1,0,0
2022-07-24,202230,5300108,576,576,576,576,12.4285714285714,19.095798,26.1428571428571,30.9571408571429,54.0497742857143,78.6261435714286,3055149,1,0,0
2022-07-31,202231,5300108,515,515,515,515,13.4285714285714,19.8380951428571,26.1428571428571,31.9962834285714,52.1349268571429,76.0803137142857,3055149,1,0,0
2022-08-07,202232,5300108,564,564,564,564,14,21.470238,29.1428571428571,27.7368811428571,47.8615458571429,74.8994007142857,3055149,1,0,0
2022-08-14,202233,5300108,619,619,619,619,14.8571428571429,20.7673075714286,26.2857142857143,32.8632422857143,50.4622805714286,73.5639842857143,3055149,1,0,1
2022-08-21,202234,5300108,571,571,571,571,13.5714285714286,19.5404452857143,25.1428571428571,33.1938754285714,50.569373,72.683668,3055149,1,0,0
2022-08-28,202235,5300108,625,625,625,625,13.4285714285714,19.3575757142857,25,33.2029888571429,49.9762477142857,69.280637,3055149,1,0,0
2022-09-04,202236,5300108,639,639,639,639,14.4285714285714,22.5362314285714,29.7142857142857,21.892369,41.9576865714286,67.5492405714286,3055149,1,0,0
2022-09-11,202237,5300108,671,671,671,671,17.5714285714286,23.4399585714286,29.4285714285714,26.1892998571429,43.0064551428571,64.9366548571429,3055149,1,0,0
2022-09-18,202238,5300108,627,627,627,627,19.5714285714286,21.9340491428571,26,57.6158354285714,75.3965907142857,87.0378442857143,3055149,1,0,0
2022-09-25,202239,5300108,701,701,701,701,18.8571428571429,23.5778388571429,28,42.8540258571429,64.6520471428571,86.7825357142857,3055149,1,0,0
2022-10-02,202240,5300108,613,613,613,613,19.8571428571429,22.9918831428571,27,45.6374,64.9166772857143,81.5691865714286,3055149,1,0,0
2022-10-09,202241,5300108,649,649,649,649,18.7142857142857,24.6547617142857,30.2857142857143,29.3426358571429,46.136526,64.3749081428571,3055149,1,0,0
2022-10-16,202242,5300108,698,698,698,698,19.2857142857143,24.915796,30.5714285714286,27.5304324285714,44.4687085714286,66.993991,3055149,1,0,0
2022-10-23,202243,5300108,592,592,592,592,18.4285714285714,22.4214288571429,26.7142857142857,52.4301154285714,71.6844725714286,92.5638954285714,3055149,1,1,0
2022-10-30,202244,5300108,510,510,510,510,17.8571428571429,21.0447995714286,25.4285714285714,57.1676717142857,79.355244,97.4635071428571,3055149,1,1,0
2022-11-06,202245,5300108,559,559,559,559,17.5714285714286,21.0367965714286,25.8571428571429,56.1062768571429,77.5294514285714,92.4072482857143,3055149,1,1,0
2022-11-13,202246,5300108,688,688,688,688,18.5714285714286,21.5520188571429,26.7142857142857,57.1657104285714,81.6690514285714,96.5969728571429,3055149,1,1,1
2022-11-20,202247,5300108,775,775,775,775,18.2857142857143,21.1251727142857,25,61.2429421428571,81.2759271428571,96.5898705714286,3055149,1,1,1
2022-11-27,202248,5300108,889,889,889,889,18.2857142857143,21.3357145714286,25.5714285714286,56.1041121428571,79.0060364285714,93.988274,3055149,1,1,1
2022-12-04,202249,5300108,1050,1050,1050,1050,19,21.8760822857143,26.1428571428571,56.234546,78.3807888571429,93.1274897142857,3055149,1,1,1
2022-12-11,202250,5300108,1003,1003,1003,1003,19.6666666666667,22.213889,25.6666666666667,57.4447295,75.5618248333333,90.2900316666667,3055149,1,1,1
2022-12-18,202251,5300108,889,889,889,889,18.5,20.677885,24.5,63.8116875,84.775325,93.92977,3055149,1,1,0
2022-12-25,202252,5300108,802,802,802,802,19,20.05303,21.6666666666667,70.8377946666667,89.5614333333333,93.9743466666667,3055149,1,1,0
2023-01-01,202301,5300108,1013,1013,1013,1013,19.2857142857143,21.9821425714286,26,56.4081015714286,76.6823057142857,92.3190262857143,3055149,1,1,1
2023-01-08,202302,5300108,1001,1001,1001,1001,19,21.1190474285714,24.2857142857143,62.9142951428571,79.6281335714286,90.6840257142857,3055149,1,1,1
2023-01-15,202303,5300108,1183,1183,1183,1183,22.1428571428571,22.1428571428571,22.1428571428571,69.4868628571429,69.4868628571429,69.4868628571429,3055149,1,0,1
2023-01-22,202304,5300108,1021,1021,1021,1021,20.5714285714286,20.5714285714286,20.5714285714286,81.7212771428571,81.7212771428571,81.7212771428571,3055149,1,0,0
2023-01-29,202305,5300108,1260,1260,1260,1260,21.7142857142857,22.970238,24.4285714285714,61.1977235714286,68.9879072857143,73.9629072857143,3055149,2,0,1
2023-02-05,202306,5300108,1345,1345,1345,1345,23,23.4940477142857,24.2857142857143,66.0995661428571,69.3454032857143,71.7624368571429,2923369,2,0,1
2023-02-12,202307,5300108,1174,1174,1174,1174,24.5714285714286,24.7142857142857,24.8571428571429,58.2149302857143,58.9899425714286,59.7649554285714,2923369,2,0,0
2023-02-19,202308,5300108,1211,1211,1211,1211,18.9473684210526,22.1798247368421,27.6842105263158,51.9968642105263,73.7145455789474,90.1438903157895,2923369,2,1,0
2023-02-26,202309,5300108,1208,1208,1208,1208,22,22.3333333333333,22.6666666666667,70.7267544166667,72.9228621666667,75.1189728333333,2923369,2,0,0
2023-03-05,202310,5300108,1330,1330,1330,1330,22.1428571428571,22.3571428571429,22.5714285714286,66.952045,68.8942271428571,70.8364115714286,2923369,2,0,1
2023-03-12,202311,5300108,1298,1298,1298,1298,21.3,21.35,21.4,81.271548,81.277472,81.283395,2923369,2,0,0
2023-03-19,202312,5300108,1529,1529,1529,1529,17.5454545454545,21.8560603636364,27,48.5877656363636,71.9430174545455,91.3497589090909,2923369,2,1,1
2023-03-26,202313,5300108,1506,1506,1506,1506,20.8571428571429,24.4166664761905,27.3809523809524,44.1183038571429,55.8554788095238,72.2697849047619,2923369,2,0,1
2023-04-02,202314,5300108,1303,1303,1303,1303,18.7142857142857,21.660714,26.5714285714286,51.3468842857143,75.2732408571429,90.7521171428571,2923369,2,1,0
2023-04-09,202315,5300108,1562,1562,1562,1562,19.1428571428571,22.4523808571429,27.7142857142857,51.4963784285714,77.2057447142857,94.0203,2923369,2,1,1
2023-04-16,202316,5300108,1410,1410,1410,1410,18.4285714285714,22.0952382857143,27,53.8946497142857,75.3259434285714,91.6000642857143,2923369,2,1,0
2023-04-23,202317,5300108,1281,1281,1281,1281,17.5652173913043,21.5923913913043,26.3913043478261,49.9794486086957,71.9095056521739,88.9228126086957,2923369,2,1,0
2023-04-30,202318,5300108,1427,1427,1427,1427,20.2,20.9333336,21.8,63.9723086,68.7814148,72.555739,2923369,2,0,0
2023-05-07,202319,5300108,1245,1245,1245,1245,19.875,21.7083335,23.75,52.937484875,61.188341375,69.332691875,2923369,2,0,0
2023-05-14,202320,5300108,1256,1256,1256,1256,14.8333333333333,20.4537035555556,25.4444444444444,34.0003195555556,54.5352862222222,78.6741533888889,2923369,2,0,0
2023-05-21,202321,5300108,957,957,957,957,14,19.1958332,24.4,41.7556427,60.0060449,78.9360135,2923369,1,0,0
2023-05-28,202322,5300108,959,959,959,959,20.3,21.1,21.9,60.2327318,63.6827369,67.169108,2923369,1,0,0
2023-06-04,202323,5300108,874,874,874,874,13.9496857142857,19.9718714285714,26.4076571428571,36.2950428571429,59.8242428571429,81.1122857142857,2923369,1,0,0
2023-06-11,202324,5300108,918,918,918,918,16.3668,21.2721571428571,26.7865285714286,42.0856428571429,65.1084142857143,85.0702285714286,2923369,1,0,0
2023-06-18,202325,5300108,759,759,759,759,18,18.7142857142857,19.4285714285714,57.6386442857143,60.9203788571429,64.0836305714286,2923369,1,0,0
2023-06-25,202326,5300108,614,614,614,614,18.5714285714286,19.0476191428571,19.5714285714286,52.1784072857143,54.7851431428571,57.253633,2923369,1,0,0
2023-07-02,202327,5300108,651,651,651,651,16.7142857142857,17.4761905714286,18.2857142857143,48.2889567142857,52.0367727142857,55.6458987142857,2923369,1,0,0
2023-07-09,202328,5300108,667,667,667,667,19.1428571428571,20.0714285714286,21,49.2882338571429,53.0187112857143,56.7599607142857,2923369,1,0,0
2023-07-16,202329,5300108,560,560,560,560,20.5714285714286,21.3095237142857,22,48.3776414285714,51.2960475714286,54.3865095714286,2923369,1,0,0
2023-07-23,202330,5300108,488,488,488,488,19.4285714285714,20.2142857142857,20.8571428571429,47.0681557142857,50.4619251428571,54.593627,2923369,1,0,0
2023-07-30,202331,5300108,568,568,568,568,20.4285714285714,20.904762,21.2857142857143,41.9376985714286,43.8288837142857,46.0437821428571,2923369,1,0,0
2023-08-06,202332,5300108,489,489,489,489,21.8571428571429,22.8095237142857,23.7142857142857,35.2294795714286,37.1328168571429,38.9092852857143,2923369,1,0,0
2023-08-13,202333,5300108,547,547,547,547,17,21.4047617142857,25.7142857142857,30.9160845714286,44.9058054285714,61.4503328571429,2923369,1,0,0
2023-08-20,202334,5300108,502,502,502,502,16.875,23.458333,30.875,25.825212,51.082666375,77.421457875,2923369,1,0,0
2023-08-27,202335,5300108,547,547,547,547,19,22.9583334285714,28.4285714285714,44.0525872857143,71.8088505714286,92.34299,2923369,1,1,0
2023-09-03,202336,5300108,568,568,568,568,18.8571428571429,24.2023808571429,29.8571428571429,30.0095514285714,50.6712978571429,74.2545301428571,2923369,1,0,0
2023-09-10,202337,5300108,650,650,650,650,17.2857142857143,23.404762,29.1428571428571,30.0772778571429,47.7239744285714,71.4288895714286,2923369,1,0,1
2023-09-17,202338,5300108,551,551,551,551,24.5714285714286,25.6011905714286,26.5714285714286,38.7778872857143,40.9585695714286,43.9911928571429,2923369,1,0,0
2023-09-24,202339,5300108,524,524,524,524,23.7272727272727,25.3939394545455,27.9090909090909,43.6213007272727,56.7536482727273,66.4350733636364,2923369,1,0,0
2023-10-01,202340,5300108,521,521,521,521,23.75,24.3125,24.875,64.023664625,66.60855875,69.19345425,2923369,1,0,0
2023-10-08,202341,5300108,398,398,398,398,24.1428571428571,24.5357142857143,24.8571428571429,63.2150002857143,65.4778638571429,68.0289928571429,2923369,1,0,0
2023-10-15,202342,5300108,531,531,531,531,25,25.6071428571429,26.2857142857143,44.5824724285714,47.6675038571429,50.4539024285714,2923369,1,0,0
2023-10-22,202343,5300108,413,413,413,413,23.625,23.84375,24.125,66.845518,68.864556875,70.64784975,2923369,1,0,0
2023-10-29,202344,5300108,482,482,482,482,22.5714285714286,22.8571428571429,23.1428571428571,72.986375,74.9081557142857,76.8299397142857,2923369,1,0,0
2023-11-05,202345,5300108,620,620,620,620,24.1428571428571,24.8214285714286,25.5714285714286,51.7489038571429,55.402875,59.406555,2923369,1,0,1
2023-11-12,202346,5300108,693,693,693,693,22.7777777777778,26.2638893333333,30.5,36.1894995,55.1531758888889,72.453616,2923369,1,0,1
2023-11-19,202347,5300108,1123,1123,1123,1123,20.4285714285714,24.315476,30,43.2197112857143,69.7437978571429,91.7267042857143,2923369,1,1,1
2023-11-26,202348,5300108,1400,1400,1400,1400,19.5714285714286,24.1011905714286,30.1428571428571,41.0100611428571,68.0952208571429,90.8571985714286,2923369,2,1,1
2023-12-03,202349,5300108,1816,1816,1816,1816,18.7142857142857,23.6817458571429,29.7142857142857,40.3694318571429,65.5763457142857,87.7224685714286,2923369,2,0,1
2023-12-10,202350,5300108,2625,2625,2625,2625,23.3888888888889,25.9027782222222,30.5555555555556,38.8502437222222,52.8631001111111,62.7843095,2923369,2,0,1
2023-12-17,202351,5300108,2977,2977,2977,2977,23,23.3571428571429,23.7142857142857,63.5557388571429,65.8445251428571,68.1333115714286,2923369,2,0,1
2023-12-24,202352,5300108,3933,3933,3933,3933,22.25,22.53125,22.75,78.251583,79.11323625,80.3006755,2923369,2,0,1
2023-12-31,202401,5300108,9329,9329,9329,9329,21.375,21.4375,21.5,89.50101125,90.47780375,91.4545975,2923369,2,1,1
2024-01-07,202402,5300108,9738,9738,9738,9738,21.7142857142857,21.8571428571429,22,84.1632664285714,85.6288407142857,87.0944164285714,2923369,2,0,1
2024-01-14,202403,5300108,14935,14935,14935,NA,22.625,23.1875,23.75,70.24414175,72.773421875,75.302707875,2923369,2,0,1
2024-01-21,202404,5300108,21847,21847,21847,NA,22.8571428571429,22.9285714285714,23,80.7166408571429,82.0772011428571,83.437763,2923369,2,0,1
2024-01-28,202405,5300108,25199,25199,25199,NA,22.4285714285714,22.6428571428571,22.8571428571429,78.0913435714286,79.3534528571429,80.6155614285714,2923369,2,0,1
2024-02-04,202406,5300108,23493,23493,23493,NA,22.3,22.3,22.3,81.0229992,81.7351194,82.4472402,2923369,2,0,1
2024-02-11,202407,5300108,22956,22956,22956,NA,22.3333333333333,22.5,22.6666666666667,73.6808255555556,75.6140711111111,77.5473187777778,2923369,2,0,0
2024-02-18,202408,5300108,25161,25161,25161,NA,21.3333333333333,21.5,21.6666666666667,88.4835833333333,89.4161105555556,90.3486411111111,2923369,2,1,1
2024-02-25,202409,5300108,24440,24440,24440,NA,24.875,25.1875,25.5,58.830436625,61.2147675,63.599096625,2923369,2,0,1
2024-03-03,202410,5300108,21388,21388,21388,NA,22.9,23.45,24,71.906117,75.0033657,78.100616,2923369,2,0,0
2024-03-10,202411,5300108,19090,19090,19090,NA,24.375,24.5625,24.75,74.669815,76.22090875,77.7720025,2923369,2,0,0
2024-03-17,202412,5300108,17151,17151,17151,NA,23.2222222222222,23.5555555555556,23.8888888888889,78.5018733333333,80.0945274444444,81.6871824444444,2923369,2,0,0
2024-03-24,202413,5300108,11384,11384,11384,NA,21.125,21.3125,21.5,89.97711325,91.762791375,93.54847325,2923369,2,1,0
2024-03-31,202414,5300108,11524,11524,11524,NA,22.5714285714286,22.8571428571429,23.1428571428571,81.7039591428571,83.8035007142857,85.9030458571429,2923369,2,0,0
2024-04-07,202415,5300108,10319,10319,10319,NA,22.875,23,23.125,78.69267575,80.013820125,81.33496575,2923369,2,0,0
2024-04-14,202416,5300108,8158,8158,8158,8158,23,23.2857142857143,23.5714285714286,70.531294,72.3675591428571,74.2038228571429,2923369,2,0,0
2024-04-21,202417,5300108,5987,5987,5987,5987,22.6,23,23.4,70.2297773,71.9325506,73.6353244,2923369,2,0,0
2024-04-28,202418,5300108,4602,4636,4608,4701,23,23.3,23.6,60.2382912,62.089503,63.9407153,2923369,2,0,0
2024-05-05,202419,5300108,4038,4106,4063,4198,20.875,21.5,22.125,60.583448,64.047862125,67.51227375,2923369,2,0,0
2024-05-12,202420,5300108,3588,3682,3626,3788,21.5714285714286,22.2857142857143,23,51.9483367142857,54.8744087142857,57.800484,2923369,2,0,0
2024-05-19,202421,5300108,3323,3428.5,3374,3531,20.7777777777778,21.5185184444444,22.2222222222222,60.436265,63.8705703333333,67.6489093333333,2923369,2,0,0
2024-05-26,202422,5300108,2355,2470,2408,2571,19.8571428571429,20.3333334285714,20.8571428571429,61.8997351428571,64.6446931428571,67.4123474285714,2923369,2,0,0
2024-06-02,202423,5300108,1621,1726,1673,1823,18.875,19.52083325,20.25,66.305032,69.145730125,71.6316875,2923369,2,0,0
2024-06-09,202424,5300108,1074,1171,1121,1255,19.4285714285714,20.0476191428571,20.7142857142857,61.9947514285714,65.0827378571429,67.9629838571429,2923369,2,0,0
2024-06-16,202425,5300108,676,771,723,860,18.5,18.75,19,66.0010205,67.097073,68.193133,2923369,1,0,0
2024-06-23,202426,5300108,296,404,343,524,NA,NA,NA,NA,NA,NA,2923369,1,0,0
2024-06-30,202427,5300108,109,297,175,625,NA,NA,NA,NA,NA,NA,2923369,1,0,0
