"ew_start","ew","sum_of_cases","cases_est_id","cases_est_id_min","cases_est_id_max","mintemp_mean","meantemp_mean","maxtemp_mean","minumid_mean","meanumid_mean","maxumid_mean","pop","inc_level","receptive","transmission"
2017-12-31,201801,88,88,88,88,23.4285714285714,24.2858974395605,25.7857142857143,84.2899681428572,91.1423516483516,93.9772376593407,1796460,0.432898032797836,0.649563029513599,0.0224641795531211
2018-01-07,201802,95,95,95,95,22.4395604395604,24.1217946043956,27.7747252747253,71.4281248901099,88.5490523076923,94.134445989011,1796460,0.511864444518665,0,0.372601115527203
2018-01-14,201803,92,92,92,92,23.1153846153846,24.9163005384616,28.2307692307692,70.1731253846154,86.3979458021979,94.1422006593407,1796460,0.348541019560692,0.780178796076729,0.0192484107633902
2018-01-21,201804,72,72,72,72,23.1868131868132,25.4631714725275,29.4725274725275,66.7127656703297,85.451100510989,94.1055053571429,1796460,0.451823029736259,0.59282756086971,0
2018-01-28,201805,80,80,80,80,24.3956043956044,25.0510989010989,25.8131868131869,86.5368824505495,91.6901488901099,94.0988049175824,1796460,0.648842724023914,0.697065339612349,0
2018-02-04,201806,72,72,72,72,23.7252747252747,24.6513277472527,25.6868131868132,86.5995826428572,91.6174214560439,94.0942142087912,1796460,0.45541231087806,0.638473442214132,0.0568957839306191
2018-02-11,201807,71,71,71,71,23.4285714285714,24.137912087912,25.010989010989,88.4776222747253,92.609371521978,94.1293343131868,1796460,0.420980706500562,0.738255791946383,0
2018-02-18,201808,59,59,59,59,23.1373626373626,23.9814976703297,24.8791208791209,88.4738365934066,92.2775826593406,94.1596073901099,1796460,0.300231566525277,0.715566725671599,0
2018-02-25,201809,58,58,58,58,22.8791208791209,25.4889642417582,29.510989010989,66.2136953076923,83.8894899725275,93.3986288956044,1796460,0.357127350455897,0,0
2018-03-04,201810,54,54,54,54,23.967032967033,24.8415582967033,26.3956043956044,83.5769162307692,91.1473978021978,94.1840034065934,1796460,0.359449138861984,0.719315208799528,0.0478123643164891
2018-03-11,201811,42,42,42,42,23.8461538461539,24.3329587692308,25.3681318681319,88.8544873516484,92.8165243186813,94.178178543956,1796460,0.300231566525277,0.606901350433631,0
2018-03-18,201812,49,49,49,49,23.4340659340659,24.1354644285714,25.1868131868131,88.4314581483517,92.8544191648351,94.1728191703296,1796460,0.340895427674426,0.690011466996204,0
2018-03-25,201813,41,41,41,41,22.9505494505494,23.7161843076923,24.989010989011,86.9987461868132,92.3106719010989,94.1058844505494,1796460,0.300231566525277,0.0086525722810416,0
2018-04-01,201814,76,76,76,76,23.3901098901099,24.1112884505495,25.1043956043956,87.7445831483517,93.0949400934066,94.1765012637363,1796460,0.439834452200439,0.750591162619819,0.0568957839306191
2018-04-04,201815,71,71,71,71,23.6263736263736,24.195104989011,24.8736263736264,89.7899793186813,92.6379915384615,94.2296001923077,1796460,0.477309263774312,0.634782850717522,0.0478123643164891
2018-04-15,201816,64,64,64,64,23.0604395604395,24.3679236043956,26.5714285714286,78.7947991428572,89.3272432527472,94.1580930494505,1796460,0.398378477672756,0.619052469857386,0.00331318259243178
2018-04-22,201817,44,44,44,44,23.7307692307693,26.3818416703297,31.021978021978,58.983733010989,83.6160911043956,94.193958901099,1796460,0.348043930841767,0.745678167061888,0
2018-04-29,201818,78,78,78,78,23.2032967032967,26.1282052197802,31.4945054945055,57.4389804285715,83.3488910934066,94.210118434066,1796460,0.372601115527203,0.569260657070015,0
2018-05-06,201819,52,52,52,52,22.956043956044,26.1561355934066,32.0604395604395,55.0976050439561,81.7697523571428,94.1384339560439,1796460,0.348043930841767,0,0
2018-05-13,201820,35,35,35,35,23.1428571428572,25.7081697362638,30.4725274725274,62.3344531923077,84.6132568186813,94.2133026923077,1796460,0.300231566525277,0.608240651058192,0
2018-05-20,201821,40,40,40,40,22.3406593406593,23.6616091648352,25.4010989010989,78.0463976703297,85.725455967033,91.9398421868132,1796460,0.300231566525277,0,0
2018-05-27,201822,36,36,36,36,22.8131868131868,23.9742758681319,25.7802197802198,82.2881224725275,91.1614082967033,94.1127687912088,1796460,0.0478123643164891,0,0
2018-06-03,201823,22,22,22,22,20.1263736263736,21.3221780549451,22.7032967032967,79.697577021978,85.0429704725275,88.2728823186813,1796460,0,0,0
2018-06-10,201824,23,23,23,23,22.2142857142857,23.2857143846154,25,80.0450382032967,87.4949725054945,91.195617,1796460,0.348043930841767,0,0
2018-06-17,201825,18,18,18,18,19.8901098901098,21.6208293351648,24.3846153846154,74.089232054945,86.2954631318681,93.1855308131868,1796460,0,0,0
2018-06-24,201826,18,18,18,18,20.1483516483517,21.9330666373626,25.4615384615385,65.0371509945055,83.565730434066,93.959714956044,1796460,0,0,0
2018-07-01,201827,23,23,23,23,20.1373626373626,22.1478939120879,25.8021978021978,63.3936088681319,82.3610703901099,93.0750723516484,1796460,0.300231566525277,0,0
2018-07-08,201828,28,28,28,28,19.4395604395604,21.7023642582417,25.5219780219781,61.3254869615385,77.3936523021978,86.6497386098901,1796460,0.104708148247108,0,0
2018-07-15,201829,32,32,32,32,21.6703296703297,26.3382243956044,32.2747252747252,43.1853797967033,70.1118946813187,92.3814646703297,1796460,0.300231566525277,0,0
2018-07-22,201830,27,27,27,27,20.0934065934066,26.3571429670329,33.7362637362637,29.2778996923077,57.601762010989,83.8502822087912,1796460,0.357127350455897,0,0
2018-07-29,201831,23,23,23,23,23.1648351648351,27.385073,33.7582417582418,40.3561098571428,69.1742167417583,91.457122989011,1796460,0.300231566525277,0,0
2018-08-05,201832,20,20,20,20,22.065934065934,26.7690017362637,33.6923076923077,39.0293000494506,67.0098358021978,88.9911071978022,1796460,0.300231566525277,0,0
2018-08-12,201833,17,17,17,17,22.5769230769231,24.7430859065934,28.0824175824175,64.7637579560439,80.4162100824175,92.6318073681318,1796460,0.300231566525277,0,0
2018-08-19,201834,16,16,16,16,20.8901098901098,23.0081251263736,25.8076923076923,69.2019981758242,82.8699791978022,90.6955130989011,1796460,0.0568957839306191,0,0.0568957839306191
2018-08-26,201835,19,19,19,19,21.6648351648352,23.340118032967,25.8021978021978,72.817122,82.4739475494505,88.8489551318682,1796460,0,0,0
2018-09-02,201836,13,13,13,13,20.5,23.2370213681319,26.1263736263736,58.791765532967,73.3653853021978,85.375818021978,1796460,0,0,0
2018-09-09,201837,19,19,19,19,22.9175824175824,25.0092574175824,27.6263736263737,67.9083055824176,80.8766989945055,89.8501873076923,1796460,0.300231566525277,0,0
2018-09-16,201838,13,13,13,13,22.8516483516484,24.3300866043956,26.6923076923077,76.6409877857143,86.0113733021978,93.572294434066,1796460,0,0,0
2018-09-23,201839,15,15,15,15,23.5164835164835,24.7982850439561,26.7307692307692,76.0477852857143,85.6178248076923,93.711352,1796460,0,0.478432584082028,0
2018-09-30,201840,14,14,14,14,23.6428571428571,25.6116323736264,28.9285714285714,68.094697065934,83.6082022747253,93.2931343626374,1796460,0.300231566525277,0.457267626331786,0
2018-10-07,201841,14,14,14,14,23.1593406593406,26.3191195494506,31.956043956044,56.1065747417583,80.7566805054945,94.145985467033,1796460,0.300231566525277,0,0
2018-10-14,201842,29,29,29,29,24.467032967033,27.8104044505495,31.9395604395604,57.1535998076923,77.9424865274725,92.9737282912088,1796460,0.366243612437794,0.0313744809235942,0.0181996815960277
2018-10-21,201843,14,14,14,14,24.1868131868132,24.82669,26.076923076923,84.4683145274725,90.3656564835164,94.391318489011,1796460,0,0.53266256972045,0
2018-10-28,201844,23,23,23,23,23.4120879120879,24.6633369120879,26.2637362637363,82.3248856703297,89.624511967033,93.597381510989,1796460,0.300231566525277,0.565177070460795,0
2018-11-04,201845,27,27,27,27,24.0714285714285,24.758841087912,26.1978021978022,82.8387206373626,89.3089277417583,94.3492496153847,1796460,0,0.536800151408882,0
2018-11-11,201846,18,18,18,18,23.9835164835165,24.917871,26.3901098901099,84.4537129395604,91.5489572032967,94.3838878021978,1796460,0,0.567999287487615,0
2018-11-18,201847,19,19,19,19,24.3681318681318,25.2650183186813,26.7527472527473,82.487076423077,89.8780711208791,93.687115,1796460,0.300231566525277,0.542869866292598,0
2018-11-25,201848,20,20,20,20,23.7967032967033,24.3508659120879,25.010989010989,88.2948661373626,92.6102021923077,94.3646403846154,1796460,0.311636774545495,0.542305422887234,0.0114052080202175
2018-12-02,201849,25,25,25,25,22.8461538461539,23.5102564065934,24.0164835164836,87.8378816758241,92.4466400824176,94.3188696703297,1796460,0.0683009919508367,0,0.0568957839306191
2018-12-09,201850,32,32,32,32,23.6923076923077,26.5766944065934,31.4670329670329,57.9220919945055,82.2364363186813,94.3390638241758,1796460,0.0114052080202175,0.459035547688231,0
2018-12-16,201851,22,22,22,22,23.4945054945055,26.1402990989011,31.5934065934066,55.8005611703297,82.2958983296704,94.3958035714286,1796460,0.372601115527203,0,0.072369549001926
2018-12-23,201852,12,12,12,12,23.2637362637363,24.8728354615385,26.7967032967033,78.5694441043956,89.6907357747253,102.931978296703,1796460,0,0.556984291328502,0
2018-12-30,201901,39,39,39,39,23.1373626373626,23.7293041758242,24.4670329670329,91.4504384835165,93.6571515,94.3850328296703,1796460,0,0.583321087026708,0
2019-01-06,201902,18,18,18,18,23.510989010989,24.4033577472528,25.5329670329671,85.7412483791209,91.0804233241758,94.476075,1796460,0.0478123643164891,0.558637542722911,0
2019-01-13,201903,33,33,33,33,23.2417582417583,25.4261904835164,29.3406593406594,68.2306669450549,85.8542020824176,94.5517773076923,1796460,0.311636774545495,0.53070817051312,0.0114052080202175
2019-01-20,201904,34,34,34,34,23.5549450549451,26.0954673076923,30.9725274725275,59.6532321318682,84.178544521978,94.5888239560439,1796460,0.300231566525277,0.589111920109549,0
2019-01-27,201905,29,29,29,29,23.4835164835165,25.7140666263736,29.6318681318682,66.1484889065934,85.5342095164835,94.6002306043956,1796460,0.300231566525277,0.588522427440633,0
2019-02-03,201906,26,26,26,26,23.3021978021978,25.4456957912088,29.8571428571429,65.4253023901099,86.999091478022,94.5627833241758,1796460,0.300231566525277,0.599750064014785,0
2019-02-10,201907,36,36,36,36,24.3131868131868,24.9391330989011,25.9395604395605,89.9663383351648,93.0714280329671,94.3678243461539,1796460,0.348043930841767,0.624794874364027,0
2019-02-17,201908,35,35,35,35,23.5274725274725,24.561938065934,25.5604395604395,87.0031057527473,91.8745113516484,94.2683929725275,1796460,0.0478123643164891,0.635771461652361,0
2019-02-24,201909,37,37,37,37,23.6593406593407,24.2499669560439,25.1318681318681,87.7197825989011,92.9212961648351,94.2171156373627,1796460,0.0224641795531211,0.565707558197789,0
2019-03-03,201910,31,31,31,31,23.945054945055,24.7190710714285,26.0219780219781,86.7413073626374,92.6043486978022,94.0753168351649,1796460,0,0.671839061264932,0
2019-03-10,201911,69,69,69,69,23.9175824175825,24.5657839010989,25.3901098901099,85.8968972637362,91.1714603681319,94.2247520879121,1796460,0.343370851563631,0.697370383977378,0.310569119267894
2019-03-17,201912,65,65,65,65,24.3241758241758,25.2702793626374,26.5879120879121,83.1013038406594,87.285252467033,91.4089004120879,1796460,0.300231566525277,0.690740678890707,0.300231566525277
2019-03-24,201913,56,56,56,56,24.4560439560439,25.3202797252747,26.2307692307692,85.1803874175824,89.3053586868132,93.5068803296703,1796460,0.389190407802011,0.676900682453269,0.0580914687774846
2019-03-31,201914,53,53,53,53,24.4670329670329,25.2095905604396,26.2637362637362,85.1997178791209,89.4623463406593,93.5952969230769,1796460,0.366713981942264,0.683173018046603,0
2019-04-07,201915,50,50,50,50,23.510989010989,24.6757411868132,26.1373626373626,81.7758455054945,88.8945940494506,94.3613622527473,1796460,0.31770593277891,0.64987865023435,0
2019-04-14,201916,67,67,67,67,24.5879120879121,25.7142277912088,27.4670329670329,79.8923287637363,86.9384432197802,92.8498501098901,1796460,0.378169845139886,0.680273983278225,0.0126515480444875
2019-04-21,201917,65,65,65,65,24.0384615384615,25.1800138076923,27.0494505494505,82.3611680054945,88.3647971703297,92.1716588186813,1796460,0.369778898500384,0.646089531634437,0.357127350455897
2019-04-28,201918,84,84,84,84,24.4505494505494,25.3623488241758,26.8681318681319,83.241480989011,88.6800282417583,93.6597114615384,1796460,0.720710731104506,0.716543090299812,0.300231566525277
2019-05-05,201919,83,83,83,83,24.3956043956044,25.6632536153846,27.4560439560439,75.4200463131868,84.6342153736264,92.230555489011,1796460,0.733362279148993,0.658170513120248,0
2019-05-12,201920,48,48,48,48,22.2637362637362,23.6023976813187,24.8901098901099,76.902608054945,83.3092125604396,89.1908725494505,1796460,0.312883114569765,0,0
2019-05-19,201921,65,65,65,65,23.7802197802198,24.8837163626373,26.2142857142857,78.3682096813187,86.1906234285715,92.0783032417583,1796460,0.393835654565089,0.692279816973381,0
2019-05-26,201922,30,30,30,30,23.7747252747253,24.7854644285714,25.7747252747253,78.4554671648351,85.5857415494505,91.2415917362638,1796460,0.357127350455897,0.540568117297351,0
2019-06-02,201923,55,55,55,55,23.4175824175824,24.5481022087912,25.8186813186814,77.164946478022,83.8026417582418,90.5942018681318,1796460,0.362903153980606,0.61655199670463,0.00288790176235485
2019-06-09,201924,51,51,51,51,23.054945054945,24.817641,27.2857142857143,70.7132983791209,81.5538787032967,88.9941129120879,1796460,0.325534662614252,0.611684646471394,0.300231566525277
2019-06-16,201925,49,49,49,49,22.8736263736264,24.1112885384615,26.4230769230769,62.0731063516483,76.2706614285714,85.5469209010989,1796460,0.325534662614252,0,0
2019-06-23,201926,43,43,43,43,23,24.2592405714285,26.2692307692308,66.8770256923077,79.4710691153846,88.0267960384615,1796460,0.335347294122886,0.576895115950258,0
2019-06-30,201927,58,58,58,58,22.8901098901099,24.313736043956,26.1703296703296,63.8144943021978,76.3592681868132,84.6333172197802,1796460,0.325534662614252,0,0
2019-07-07,201928,54,54,54,54,20.7307692307692,22.1315683791209,24.5824175824176,60.0135078021978,73.322659434066,82.0746197802198,1796460,0.325534662614252,0,0
2019-07-14,201929,54,54,54,54,22.3956043956044,23.8080918461539,25.7802197802198,70.5050316703297,84.0956342912088,91.7551456043956,1796460,0.335872215356869,0,0.010337552742616
2019-07-21,201930,60,60,60,60,21.7252747252747,23.7852148461538,26.8406593406593,64.3826648131868,80.8150866923077,90.2323797747253,1796460,0.325534662614252,0,0.0126515480444875
2019-07-28,201931,55,55,55,55,21.1153846153846,23.2807197417582,26.4065934065934,59.6893473846154,77.2013900714285,89.2112634340659,1796460,0.33693987063447,0,0
2019-08-04,201932,32,32,32,32,19.1813186813187,21.4915085164835,24.7417582417583,54.7023469560439,69.2913906373626,79.375091456044,1796460,0.325534662614252,0,0
2019-08-11,201933,23,23,23,23,21.2362637362637,23.7267730879121,26.7967032967033,56.8946081868132,71.2686447472527,84.2734213461539,1796460,0.300231566525277,0,0
2019-08-18,201934,33,33,33,33,22.5329670329671,24.7387611978022,28.2472527472528,63.8569051923077,81.5920878241758,92.4176023406593,1796460,0.312883114569765,0,0
2019-08-25,201935,23,23,23,23,22.6923076923077,23.942166054945,25.9010989010989,75.7340799010989,86.4825963186813,93.0808320879121,1796460,0.300231566525277,0,0
2019-09-01,201936,21,21,21,21,23.021978021978,24.5219781538462,27.6648351648352,70.1528645439561,84.8494199340659,92.4945878296704,1796460,0.300231566525277,0,0
2019-09-08,201937,27,27,27,27,23.9340659340659,25.8186809450549,28.6153846153846,64.2675501208791,79.9718849230769,91.1937106208791,1796460,0.300231566525277,0.525199559132961,0
2019-09-15,201938,16,16,16,16,24.2307692307692,26.0460625494505,28.467032967033,70.5108186043956,82.6681955934066,91.1904367857143,1796460,0,0.612067621878583,0
2019-09-22,201939,28,28,28,28,23.5549450549451,24.774483945055,26.9175824175825,76.2494344725275,88.5586094835165,93.700992989011,1796460,0.303119468287632,0.52276421406544,0.00288790176235485
2019-09-29,201940,21,21,21,21,22.9065934065934,24.124459065934,25.5,86.6398065054945,91.9059324615384,93.7517481263736,1796460,0.300231566525277,0,0
2019-10-06,201941,24,24,24,24,23.0494505494505,24.1980851318681,26.065934065934,82.0384984670329,90.6766126593407,93.9381064010989,1796460,0.300231566525277,0.509095665920755,0
2019-10-13,201942,34,34,34,34,23.1648351648351,23.8761657912088,25.4010989010989,87.0881198351649,92.4435541428572,93.7948882142857,1796460,0.312883114569765,0.558396513142514,0
2019-10-20,201943,40,40,40,40,23.6758241758242,24.2833251978022,25.1263736263736,86.4850514945055,92.1153826208791,93.9218315054945,1796460,0.357127350455897,0.519116484642018,0.0568957839306191
2019-10-27,201944,31,31,31,31,23.6043956043956,24.2330588461539,25.4835164835165,85.7035812527472,91.326265532967,93.6741498021978,1796460,0.300231566525277,0.426319539538871,0
2019-11-03,201945,64,64,64,64,24.1043956043956,25.0075702582418,26.0274725274725,84.6758114010989,90.8456331868132,94.0119244945055,1796460,0.336446121817352,0.598967970341672,0.010337552742616
2019-11-10,201946,58,58,58,58,24.2362637362637,24.8737929450549,27.0989010989011,85.8464971375275,92.3182455769231,94.0267530989011,1796460,0.0184273515691972,0.653730113667991,0.00288790176235485
2019-11-17,201947,71,71,71,71,23.6868131868132,24.3906592197803,25.3351648351648,87.5441384945055,92.2624760164835,94.0006871758241,1796460,0.399485655121739,0.603547532369215,0.0837146387896196
2019-11-24,201948,98,98,98,98,24.2692307692308,25.1845655054945,27.5,80.9371163296703,90.9557398901099,94.061850967033,1796460,0.51848691315142,0.646914487380738,0.111622858287966
2019-12-01,201949,100,100,100,100,23.967032967033,24.911988010989,26.510989010989,83.3489748131868,91.041278565934,94.2030438461538,1796460,0.524973002460394,0.673413268316578,0.0114052080202175
2019-12-08,201950,118,118,118,118,24.3626373626373,25.0565990274725,27.1318681318681,82.0162062307692,91.5879918021978,94.1472778901099,1796460,0.806485532658673,0.647878049052025,0.0298425792948354
2019-12-15,201951,55,55,55,55,23.9725274725275,24.761937989011,25.956043956044,86.5193977912088,91.7765410769231,94.221273021978,1796460,0.337452545561827,0.578406421517874,0
2019-12-22,201952,48,48,48,48,24.5164835164835,25.0630869340659,26.1538461538461,87.0242278791208,92.0405374175824,94.1648407692308,1796460,0.0716525834140476,0.593015708671498,0
2019-12-29,202001,66,66,66,66,23.9679487179487,25.5397435897436,28.525641025641,77.4348109935897,89.7915368910256,94.2098742692307,1796460,0.432850160871937,0.709613907351124,0
2020-01-05,202002,103,103,103,103,24.4010989010989,26.9527929340659,30.9725274725275,67.1411138571429,84.0185574505494,93.4348116263736,1796460,0.502836133284348,0.70322523184485,0.370217538937689
2020-01-12,202003,158,158,158,158,23.4560439560439,26.3502748131869,31.1428571428571,64.8751921758242,85.6184004065934,95.0478220604396,1796460,0.52761876134175,0.740682787259388,0.110084276855594
2020-01-19,202004,198,198,198,198,24.1483516483516,27.0048076153846,31.989010989011,61.0687690054945,84.6434062582418,94.2353848131868,1796460,0.955344956191621,0.874562194538147,0.13287075693308
2020-01-26,202005,219,219,219,219,24.2692307692308,26.9487182967033,32.0604395604396,59.6303372637362,84.4245346263736,94.0050838461539,1796460,0.769646972379012,0.850930162653218,0.0976665219375884
2020-02-02,202006,271,271,271,271,24.0164835164835,25.2037087032967,27.1538461538462,79.2169741208792,91.7620579120879,94.1454623516483,1796460,1.03112231833717,0.873356489985861,0.071729401155606
2020-02-09,202007,257,257,257,257,23.978021978022,24.8297313736263,26.1153846153846,89.2514192087912,92.9770324505494,94.2869293186813,1796460,1.06600870601071,0.798609487547733,0.0818092248087906
2020-02-16,202008,236,236,236,236,24.2802197802198,24.8930860879121,25.956043956044,91.8712251318682,93.8013095384615,94.2585382197802,1796460,0.94740044309364,0.755544793649733,0.0114052080202175
2020-02-23,202009,262,262,262,262,23.4285714285714,24.073967978022,24.8571428571428,91.7744179450549,93.6448877472528,94.2796234945055,1796460,1.02306925843047,0.827530253943867,0.0128458189995881
2020-03-01,202010,293,293,293,293,24.054945054945,25.0816682527472,26.5989010989011,86.7424238681319,92.4835937912088,94.3492035164835,1796460,0.736879752401946,0.777442859846587,0.0412043685915634
2020-03-08,202011,340,340,340,340,24.3956043956044,25.7438935714285,27.956043956044,80.9093660879121,90.3873749120879,94.0935508131869,1796460,0.83483016599312,0.816044331629983,0.0935712456720439
2020-03-15,202012,262,262,262,262,23.7087912087912,26.0390232967033,30.3131868131868,67.2946873021978,87.6808376758242,94.2462622307692,1796460,0.511895060285228,0.819749396034423,0.0672333366732351
2020-03-22,202013,239,239,239,239,23.0714285714286,26.0773807802198,31.4670329670329,60.7210273186813,85.3735740054945,94.2993494505495,1796460,0.540854235552141,0,0
2020-03-29,202014,212,212,212,212,23.9615384615385,26.500457978022,31.1098901098901,63.6055194120879,86.1929325659341,95.0142883846154,1796460,0.671274617859568,0.678109726907362,0
2020-04-05,202015,228,228,228,228,24.0824175824175,26.7326005604396,31.4560439560439,63.0131611318682,85.8311656373626,94.1648436373626,1796460,0.64644022132416,0.783943978713692,0.331073889760974
2020-04-12,202016,203,203,203,203,23.2857142857143,25.6751371868132,29.5989010989011,66.6459280769231,85.4949568571428,94.0183901978022,1796460,0.621605824788751,0.828238869777229,0.0181996815960277
2020-04-19,202017,169,169,169,169,23.7142857142858,26.2339742637362,31.3461538461539,59.7737844065934,85.9415413406593,94.3583384065934,1796460,0.610217316277568,0.800163655188537,0.0174743662536321
2020-04-26,202018,185,185,185,185,23.7362637362638,26.6010610769231,32.2857142857143,59.414349010989,84.7474271923077,94.2478322087913,1796460,0.681152934103737,0.792494683989624,0.0658539572269909
2020-05-03,202019,215,215,215,215,22.7802197802198,25.3681321098901,30.0824175824175,63.2279036868132,85.1121202582418,94.1414774395604,1796460,0.720439642407847,0,0.0660120459125168
2020-05-10,202020,197,197,197,197,23.3021978021978,25.9723740494505,30.3626373626373,63.0220709560439,86.3892711978022,94.2407349230769,1796460,0.719869632499471,0.819318548701335,0.104654153167897
2020-05-17,202021,175,175,175,175,23.0769230769231,26.4652931208791,31.5604395604396,59.0431681703297,83.6415033296703,94.2502467252747,1796460,0.715065183750264,0.790057112320898,0.034657604399764
2020-05-24,202022,139,139,139,139,20.3296703296703,24.2944138461538,30.010989010989,52.2208018681319,77.7233521758242,93.4529904065934,1796460,0.344957304921902,0,0.0287342885452501
2020-05-31,202023,137,137,137,137,22.4505494505494,25.4411631868132,30.5769230769231,61.0720454615385,85.5489496098901,94.2552007692308,1796460,0.66253632143215,0,0.00345011856651414
2020-06-07,202024,134,134,134,134,22.8461538461538,26.4872561428572,31.6648351648352,56.7051030714286,83.0649677472528,94.1686371428572,1796460,0.580100865034568,0,0.00592331585451388
2020-06-14,202025,141,141,141,141,22.1263736263736,25.811679521978,30.7582417582417,57.3360092692308,81.9816637087912,94.0303514835164,1796460,0.686063703060463,0,0.338961067877938
2020-06-21,202026,129,129,129,129,22.2912087912088,26.2880302087912,31.7802197802198,54.1660686593406,79.7912915384616,93.8124023076923,1796460,0.324827716731795,0,0
2020-06-28,202027,139,139,139,139,22.2582417582418,24.873836021978,29.9065934065934,61.7086212197803,86.3391356923077,93.8927359120879,1796460,0.892608797301359,0,0.322695746078399
2020-07-05,202028,121,121,121,121,21.9450549450549,25.4889264780219,30.9010989010989,57.8946857417582,82.5619321483517,93.6901938186813,1796460,0.500915689745388,0,0.0181996815960277
2020-07-12,202029,91,91,91,91,21.6868131868132,26.5903233681318,33.4615384615384,41.584269021978,75.1549175,93.6198878901099,1796460,0.494645580753259,0,0
2020-07-19,202030,93,93,93,93,21.7197802197803,27.0539312912088,34.0494505494505,36.1937416923076,69.6670789615385,93.2540579175825,1796460,0.503023724435835,0,0
2020-07-26,202031,56,56,56,56,21,26.4845815989011,33.7032967032967,33.3798566428571,67.238433912088,92.6324418956044,1796460,0.397085935673491,0,0
2020-08-02,202032,63,63,63,63,20.2967032967033,27.2034532087912,34.8901098901099,25.8968132857142,58.823986956044,91.384988076923,1796460,0.357127350455897,0,0
2020-08-09,202033,51,51,51,51,22.2087912087912,27.9925144395604,35.4120879120879,32.9287026043956,64.6733198406593,92.111279478022,1796460,0.331073889760974,0,0
2020-08-16,202034,37,37,37,37,21.1813186813187,25.7897186043956,33.2967032967033,41.9985869285714,69.2330014230769,91.970543912088,1796460,0.0568957839306191,0,0
2020-08-23,202035,31,31,31,31,21.1648351648351,25.9898867582418,33.1978021978022,40.7452546483517,68.7768604010989,90.8396923846154,1796460,0.300231566525277,0,0
2020-08-30,202036,36,36,36,36,23.3846153846154,27.7869240934066,33.9835164835165,43.0078104835165,70.7833471373626,89.4786971263736,1796460,0.418093361388508,0,0
2020-09-06,202037,20,20,20,20,23.4340659340659,27.8354207362637,34.0659340659341,46.3387127967033,73.6619978736264,91.1207195494506,1796460,0,0,0
2020-09-13,202038,30,30,30,30,24.5439560439561,28.3026295604395,33.510989010989,49.7503882994505,74.5016836868132,91.0423057967033,1796460,0.361197577457889,0,0
2020-09-20,202039,38,38,38,38,23.2582417582418,26.7684742417583,32.445054945055,53.8901835769231,78.4338238516483,93.0950281593406,1796460,0.322980194382285,0,0
2020-09-27,202040,40,40,40,40,23.3956043956044,26.8471243241758,32.521978021978,51.7706907472527,77.2209613296703,91.312234510989,1796460,0.385861639001147,0,0
2020-10-04,202041,17,17,17,17,23.8516483516483,27.742990967033,33.054945054945,53.1915598571428,75.2310283901099,90.5936704835164,1796460,0.357127350455897,0,0
2020-10-11,202042,25,25,25,25,23.3021978021978,26.9162874120879,32.1428571428571,55.2226936923077,78.0394628736263,92.2378132582417,1796460,0.300231566525277,0,0
2020-10-18,202043,22,22,22,22,24.0164835164835,27.1711201648352,32.3021978021978,55.4863973351648,78.0760029395604,91.4243929285714,1796460,0.357127350455897,0,0
2020-10-25,202044,30,30,30,30,23.9725274725275,26.1959028131868,30.2417582417582,67.9051164835165,85.7628192747252,94.0175329670329,1796460,0.300231566525277,0.559187513220445,0
2020-11-01,202045,37,37,37,37,24.2582417582418,27.1557628406594,32.1813186813187,60.6665625494506,81.2060016153846,90.9791554615385,1796460,0.324241007314385,0.574226534406555,0.0224641795531211
2020-11-08,202046,25,25,25,25,23.4945054945055,26.2473152087912,30.7912087912088,65.9208174120879,84.6822549725275,93.8334828021978,1796460,0.324241007314385,0.467233893323536,0
2020-11-15,202047,42,42,42,42,24.0824175824175,26.5583565824176,30.8516483516483,66.239859989011,84.0363836813187,93.1265928571428,1796460,0.30332208899725,0.597267403671665,0.00154526123598633
2020-11-22,202048,54,54,54,54,24.4496336996337,26.9942580952381,31.0274725274725,61.8575476355312,82.8523192243589,93.5935840274725,1796460,0.37359863286686,0.583637821048061,0.00154526123598633
2020-11-29,202049,80,80,80,80,24.3481684981685,NA,NA,61.8093004891942,NA,NA,1796460,0.325786268550371,0.703042650546074,0.0240094407891075
2020-12-06,202050,88,88,88,88,24.2467032967033,NA,NA,61.7610533428571,NA,NA,1796460,0.452958596350601,0.604742103915478,0.0702765438696102
2020-12-13,202051,98,98,98,98,24.1452380952381,NA,NA,61.7128061965201,NA,NA,1796460,0.510427173441101,0.592462398272158,0.0224641795531211
2020-12-20,202052,88,88,88,88,24.0437728937729,NA,NA,61.6645590501831,NA,NA,1796460,0.502896251516872,0.639223250169778,0.0227486278570077
2020-12-27,202053,54,54,54,54,23.9423076923077,26.4189313076923,31.6538461538462,61.6163119038462,84.7835209230769,96.6904548846154,1796460,0.37389421417677,0.639567816706189,0
2021-01-03,202101,136,136,136,136,23.4340659340659,25.8306362747253,30.945054945055,60.7418248131868,85.0923216098901,94.111468043956,1796460,0.431182993219999,0.756179374993042,0.376894002649655
2021-01-10,202102,126,126,126,126,23.5824175824176,25.4510511098901,29.1648351648352,71.9104031263736,88.9683889450549,94.4342547252748,1796460,0.417529474633446,0.739245516181824,0.395065295080325
2021-01-17,202103,138,138,138,138,23.3626373626373,25.3911643956044,29.2087912087912,69.921152043956,88.6384897692308,94.4261258791209,1796460,0.463453681128441,0.795840708949824,0.0303658305779143
2021-01-24,202104,111,111,111,111,23.2802197802198,25.0975975054945,28.7912087912088,71.6635743461538,89.1594967032967,94.3870173406594,1796460,0.396422408514523,0.753610990503546,0
2021-01-31,202105,137,137,137,137,23.1923076923077,25.6107016373626,29.8076923076923,67.6646753461538,87.8222481813187,94.3805379120879,1796460,0.395948699108246,0.805225833027176,0.0174354007325518
2021-02-07,202106,147,147,147,147,23.9505494505495,25.7010752527473,29.6043956043956,69.9192035769231,88.2958815934066,94.0618054945055,1796460,0.581506407044966,0.727767386972156,0.0717923026396357
2021-02-14,202107,161,161,161,161,22.9835164835165,24.9865863901099,28.0989010989011,74.9764547472528,89.688509989011,94.3522181318681,1796460,0.299412733932289,0,0.0323013036750053
2021-02-21,202108,94,94,94,94,23.4450549450549,25.5882414010989,29.3626373626374,67.6800323736264,87.2108151813187,94.2595720109891,1796460,0.165904612404395,0.749388241319039,0.010337552742616
2021-02-28,202109,154,154,154,154,23.1428571428571,24.3776332252747,26.4120879120879,82.8804085989011,91.5311279945055,94.3110543681318,1796460,0.548604477695022,0.762161139129176,0.0372532647540162
2021-03-07,202110,98,98,98,98,23.510989010989,25.3512674340659,28.945054945055,71.6564795274725,88.5012653241758,94.3466128571429,1796460,0.240129476860047,0.709661222626721,0
2021-03-14,202111,113,113,113,113,23.1098901098901,24.7632520054945,28.032967032967,74.8121406263736,89.8809834835165,94.5891160989011,1796460,0.19129009273794,0.737996392906049,0
2021-03-21,202112,102,102,102,102,23.1978021978022,25.8096134395604,30.7307692307692,61.0786503846153,85.9726975,94.4753863736264,1796460,0.157422375115505,0.740903777428944,0
2021-03-28,202113,109,109,109,109,22.8736263736264,25.7454921208791,30.5164835164835,60.5328790769231,84.9006211923077,94.3651788461538,1796460,0.222862184518442,0,0.00659686271890273
2021-04-04,202114,100,100,100,100,23.5274725274726,26.1552476923077,31.1758241758241,62.6998945,86.0182504615384,94.5104407142857,1796460,0.238780713180366,0.728347973236254,0.0177866470725761
2021-04-11,202115,51,51,51,51,22.9615384615385,26.1660424120879,31.4340659340659,55.8419781098901,83.9870125824176,94.3697356043956,1796460,0.139602885675161,0,0
2021-04-18,202116,74,74,74,74,23.7197802197803,25.5512120054945,28.7032967032967,72.9708295989011,88.7376464615385,95.2532834065934,1796460,0.487646816516928,0.646069492223595,0.300231566525277
2021-04-25,202117,65,65,65,65,23.2417582417582,25.8630959450549,30.043956043956,67.0381235054945,84.4141632692307,92.8580077692308,1796460,0.126778776037318,0.703742359974617,0
2021-05-02,202118,66,66,66,66,22.3351648351649,25.0163443186813,29.5494505494506,71.4639471923077,86.0455806868132,94.2684525604396,1796460,0.483906126493214,0,0.00659686271890273
2021-05-09,202119,84,84,84,84,22.4615384615384,25.4439102417583,30.1428571428571,62.7158295549451,83.4331450164835,94.352756043956,1796460,0.158610823508456,0,0.0293454905759104
2021-05-16,202120,75,75,75,75,23.1318681318681,26.4587911318682,31.6538461538462,55.9788953791209,80.9582544505494,93.3092299230769,1796460,0.458842390033733,0.00659686271890273,0
2021-05-23,202121,49,49,49,49,22.2307692307692,25.5551738241758,30.5824175824176,61.4241042912088,84.2276573626373,94.3521175824176,1796460,0.329577057101188,0,0
2021-05-30,202122,60,60,60,60,22.3241758241758,26.5627439010989,32.6263736263736,45.4072376153846,77.2550266263736,94.07665,1796460,0.135862195651448,0,0
2021-06-06,202123,62,62,62,62,22.7087912087912,25.5285292527473,30.1923076923077,61.7579953131868,83.8397618626374,94.121872032967,1796460,0.110625340948309,0,0.00891030137047304
2021-06-13,202124,77,77,77,77,22.4835164835165,24.9102763516483,29.3736263736263,65.8703292142857,85.9749158791209,94.0450697087912,1796460,0.387210402680828,0,0.0145758881355555
2021-06-20,202125,47,47,47,47,20.9780219780219,23.9876721098901,28.6318681318681,64.0887144340659,84.2394590934066,93.9142007142858,1796460,0.00659686271890273,0,0
2021-06-27,202126,49,49,49,49,17.7692307692307,22.2674913186813,28.8131868131868,43.9812307032967,71.6614151318681,90.6253316923077,1796460,0.135188648787059,0,0
2021-07-04,202127,36,36,36,36,20.3076923076923,26.0841892747253,33.5054945054945,31.2772511318681,66.6000967582418,93.4809127197802,1796460,0,0,0
2021-07-11,202128,31,31,31,31,20.3351648351648,26.6039382527473,34.2307692307692,30.0582098406593,65.6140133736264,93.4134003736264,1796460,0.00592331585451388,0,0
2021-07-18,202129,28,28,28,28,20.2692307692308,26.1887995714286,33.5164835164835,31.7245032142858,61.8114409010989,90.010457576923,1796460,0.00891030137047304,0,0.00891030137047304
2021-07-25,202130,31,31,31,31,20.0604395604396,25.4913410989011,32.2912087912088,28.9526243846154,58.0317104065934,83.0462124835164,1796460,0.00592331585451388,0,0
2021-08-01,202131,37,37,37,37,20.521978021978,26.4089426923077,33.6263736263736,28.2162683076923,55.6186377527473,84.1270148791208,1796460,0.072369549001926,0,0
2021-08-08,202132,28,28,28,28,22.4450549450549,27.729030065934,34.1483516483517,32.7877874945055,59.0347153241758,82.5894923076923,1796460,0,0,0
2021-08-15,202133,33,33,33,33,22.7307692307693,28.0087172967033,34.4010989010989,36.5726152527473,65.1574715164835,89.764651010989,1796460,0.0782928648564399,0,0
2021-08-22,202134,23,23,23,23,23.4835164835165,28.5549878241758,34.6208791208791,42.4025128956044,67.6884861593407,90.9191852032967,1796460,0,0,0
2021-08-29,202135,16,16,16,16,23.4450549450549,27.1285500879121,32.989010989011,48.9951779725275,74.0226606098901,90.1902890494506,1796460,0,0,0
2021-09-05,202136,12,12,12,12,23.5549450549451,27.2892793846153,33.010989010989,51.4202229340659,74.6155869340659,91.708530412088,1796460,0,0,0
2021-09-12,202137,18,18,18,18,23.2252747252747,27.2037742197803,34.434065934066,44.6220901648352,74.376273445055,92.6019829010989,1796460,0,0,0
2021-09-19,202138,14,14,14,14,23.1923076923077,27.2081048461539,32.7472527472527,51.4683785247253,75.7838065494506,93.0216214505494,1796460,0,0,0
2021-09-26,202139,20,20,20,20,23.2527472527472,27.584935967033,34.2032967032967,44.0446024285714,74.3599015274725,93.1315318956044,1796460,0,0,0
2021-10-03,202140,15,15,15,15,24.2747252747253,27.8848440549451,33.6593406593407,49.4069414945055,76.4380083021978,93.6758364065934,1796460,0,0,0
2021-10-10,202141,14,14,14,14,24.0384615384615,28.0535345384615,34.1263736263736,48.3560209505494,75.7878633791209,93.6736791208792,1796460,0,0,0
2021-10-17,202142,22,22,22,22,23.7472527472527,26.2879883956044,31.0494505494506,61.9769343956044,83.4216132912088,93.776197010989,1796460,0.00891030137047304,0.560239582289614,0.00891030137047304
2021-10-24,202143,24,24,24,24,23.087912087912,26.0892694725275,30.5054945054945,59.6247811428572,81.9041414065934,94.2658237362638,1796460,0.00891030137047304,0.465258898055064,0
2021-10-31,202144,51,51,51,51,23.5824175824176,26.0580692637363,31.1593406593406,60.4727953076923,83.9788329175824,94.1973480164835,1796460,0.0194833171904746,0.447054206606326,0.0105730158200016
2021-11-07,202145,60,60,60,60,22.9835164835165,25.1476836483516,29.2087912087912,70.389238467033,87.9839233626374,94.4556784615385,1796460,0.0340580920254278,0,0.0234850762054262
2021-11-14,202146,114,114,114,114,23.9340659340659,26.1642416923077,30.3406593406593,64.6641606648351,85.0897542362638,92.4724895934066,1796460,0.111283858254567,0.685942353294813,0.0545611925676052
2021-11-21,202147,117,117,117,117,23.7307692307692,26.2740166263736,31.1978021978022,65.3724453021978,86.0908594340659,94.3617818131869,1796460,0.0419474967435957,0.680165993119802,0.0313744809235942
2021-11-28,202148,148,148,148,148,23.8571428571429,25.7772635494505,29.2032967032967,73.2626491043956,88.4576181428571,94.3708778021978,1796460,0.213900114669962,0.762368769691504,0.069876312303085
2021-12-05,202149,143,143,143,143,23.9945054945055,25.7161769120879,28.6758241758242,74.9057731703297,88.8774512142858,94.4330229945055,1796460,0.141477127239126,0.649520724090712,0.0437760929828663
2021-12-12,202150,100,100,100,100,23.8461538461539,25.9167263186813,29.3296703296703,74.1951042637363,88.3798304670329,94.507968521978,1796460,0.0859295503378867,0.565686405486345,0.00532102022867194
2021-12-19,202151,39,39,39,39,24.2417582417583,26.0034014285714,29.8461538461539,69.592809010989,88.5207693461539,94.5659907142857,1796460,0.0158823463923494,0.527575899268562,0
2021-12-26,202152,4,4,4,4,24.010989010989,26.334318912088,30.6263736263737,68.5961917142857,87.1761403131868,94.4250898681319,1796460,0,0.105131202475981,0
2022-01-02,202201,305,305,305,305,24.0934065934066,26.1720979395605,30.6318681318682,64.8858208626373,86.4280719010989,94.5154172252748,1796460,0.714074902864522,0.77689121939815,0.611288311456976
2022-01-09,202202,366,366,366,366,23.1318681318681,25.1639192307692,29.4120879120879,70.3756952197802,88.1527492362638,94.4744823626373,1796460,0.804418690090511,0.866589848925108,0.609819867962549
2022-01-16,202203,422,422,422,422,23.5549450549451,25.7973417637362,30.0769230769231,65.3757618076924,85.9422430274725,94.3235129230769,1796460,0.83134330850673,0.767978691426472,0.223054785522639
2022-01-23,202204,357,357,357,357,23.2967032967033,25.196352532967,29.0989010989011,71.083505521978,88.9308773241758,94.3690702197802,1796460,0.843792792491901,0.758502833350033,0.10143059127395
2022-01-30,202205,461,461,461,461,23.2582417582418,25.9449569010989,30.2582417582418,63.6909404175824,85.0479671373627,94.4335411538462,1796460,0.797501196798147,0.832447702704207,0.077404450975808
2022-02-06,202206,460,460,460,460,23.5439560439561,25.4182694175824,29.9945054945055,67.1835625,88.5811012912088,94.5121963186813,1796460,0.914984469456598,0.795065295080325,0.421643120358928
2022-02-13,202207,547,547,547,547,22.7417582417582,24.7201814945055,27.4285714285714,76.8122817417582,90.3033207527472,94.6005209065935,1796460,0.861239882880777,0,0.511683533170791
2022-02-20,202208,527,527,527,527,23.1208791208791,25.3335027582417,29.1208791208791,68.4248350274726,87.5471216483516,94.5228986813187,1796460,0.928636874742549,0.825787938501275,0.120567671977111
2022-02-27,202209,680,680,680,680,23.2637362637363,25.9490844175824,30.9725274725275,62.704754967033,86.249298043956,94.5469851098901,1796460,1.23206918049943,0.835387372944569,0.403470157977355
2022-03-06,202210,609,609,609,609,23.0989010989011,25.5153384725275,29.8516483516484,66.385929554945,86.6935368681319,94.6058778571429,1796460,1.22328189884551,0.867873484519555,0.0100909566592076
2022-03-13,202211,718,718,718,718,23.2362637362637,25.277128554945,28.967032967033,71.3708192417582,89.3975137637362,94.5958965384615,1796460,1.3277406677577,0.867229440121127,0.366286474510983
2022-03-20,202212,728,728,728,728,23.5549450549451,25.6121722527473,30.0769230769231,65.2730471373626,87.8270387307693,94.5697365659341,1796460,1.25166215779923,0.86227914899302,0.329836456141523
2022-03-27,202213,769,769,769,769,22.4010989010989,24.6152204560439,28.8626373626374,68.2203751263736,87.9748424505495,94.5568437912088,1796460,1.30195050265522,0,0.383436870289347
2022-04-03,202214,689,689,689,689,23.1153846153846,25.8898309065934,30.3351648351648,66.3949153021978,86.0982282142857,95.3177059340659,1796460,1.29127339322891,0.884885831023235,0.0227486278570077
2022-04-10,202215,758,758,758,758,23.6538461538461,25.4828757142857,29.7307692307692,70.0599826758242,89.1197677417583,94.4934426373627,1796460,1.31102779911604,0.88269652538882,0.100650167551741
2022-04-17,202216,753,753,753,753,23.456043956044,26.0478777252747,31.043956043956,60.1730369340659,85.4217935659341,94.356805,1796460,1.35871658706567,0.861741424802111,0.0674420805361656
2022-04-24,202217,712,712,712,712,23.8846153846154,27.0720321978022,32.2637362637363,57.3143034285714,82.8614508406593,95.1977714835165,1796460,1.34758747759483,0.156630818387273,0.3552375226835
2022-05-01,202218,708,708,708,708,23.1208791208791,25.4635574725275,29.4835164835165,64.3366688901099,84.1852541153847,94.2487558791209,1796460,1.42907161862775,0.888364895405408,0.11550438083787
2022-05-08,202219,608,608,608,608,23.2417582417582,26.1927293956044,30.923076923077,61.0998568736263,83.3281036593406,94.3323019120879,1796460,1.41022622268239,0.889386905358316,0.0126515480444875
2022-05-15,202220,627,627,627,627,19.6978021978022,23.471841010989,28.6428571428572,46.586221521978,70.839289978022,88.3754718076923,1796460,1.41613562227937,0,0.0174743662536321
2022-05-22,202221,561,561,561,561,21.489010989011,26.3543745604396,32.8351648351649,43.7281788901099,74.4689800879121,94.1783434945055,1796460,1.4306508355321,0,0.00281999042561482
2022-05-29,202222,532,532,532,532,22.9395604395604,25.6322277802198,29.9450549450549,63.708479489011,84.8226546538461,94.436512967033,1796460,1.38507063892322,0.825517963105218,0.106178818342741
2022-06-05,202223,484,484,484,484,22.3901098901099,24.1713892417583,27.6428571428571,72.9275597307693,88.7798603131868,94.3553745604395,1796460,1.29091268383376,0,0.109345601905971
2022-06-12,202224,432,432,432,432,21.3736263736264,24.4411631758242,29.1098901098901,57.7420727527472,79.0941902912088,91.1684923076923,1796460,0.977566992863743,0,0.0377097180009574
2022-06-19,202225,461,461,461,461,21.8296703296703,25.8182235164835,31.4835164835165,51.4190194945055,78.2099154285714,94.2924028241758,1796460,1.27329080525033,0,0.0156563463700834
2022-06-26,202226,408,408,408,408,20.8736263736263,25.4576222967033,32.8406593406593,37.564588087912,72.7560209285715,94.2939577582418,1796460,1.15253275887022,0,0
2022-07-03,202227,375,375,375,375,22.0604395604396,26.604790956044,32.5384615384616,45.1680052692307,74.100622456044,93.3385472527472,1796460,1.20832414860336,0,0
2022-07-10,202228,356,356,356,356,22.6648351648352,25.8868478846154,31.2582417582418,52.659178489011,79.8977926428572,93.8214342857143,1796460,1.19189851151709,0,0
2022-07-17,202229,286,286,286,286,21.8791208791208,26.3821577857143,32.3186813186813,43.8675792802198,72.5634492692307,93.8989601978022,1796460,0.814297562984982,0,0
2022-07-24,202230,227,227,227,227,21.9065934065934,27.0707812307692,34.0274725274725,31.3242018351649,61.6424183956044,84.6854499725275,1796460,0.719763868942253,0,0.00602184295781704
2022-07-31,202231,233,233,233,233,22.510989010989,25.984137989011,30.7472527472527,52.6449490054945,75.9005865714286,92.8574957142857,1796460,0.721656479966156,0,0
2022-08-07,202232,219,219,219,219,21.4010989010989,26.0137361758242,33.2637362637362,41.9587672857143,71.3469420769231,92.4912761208791,1796460,0.66462153346025,0,0
2022-08-14,202233,205,205,205,205,21.2857142857143,25.1724291978022,30.4395604395604,53.2725147747253,74.7492013736263,91.2885359340659,1796460,0.661725838593679,0,0
2022-08-21,202234,149,149,149,149,20.3901098901099,25.0402694450549,30.967032967033,45.3707613846153,70.7598562417582,91.8680579120879,1796460,0.534590806363626,0,0.0104639123609766
2022-08-28,202235,149,149,149,149,22,25.493259956044,30.7747252747253,54.5036687417582,77.7066417857143,92.4255034175824,1796460,0.527746790911014,0,0.00633301047615867
2022-09-04,202236,177,177,177,177,22.7967032967033,27.9630648186813,34.8846153846154,38.4334259010989,66.8464349285714,91.7514007912088,1796460,0.67062556360843,0,0.0205298197566325
2022-09-11,202237,173,173,173,173,23.1538461538462,26.4866014340659,30.8021978021978,57.0132476538462,74.4362508571428,89.2770556098901,1796460,0.659736370417376,0.134518998474778,0.016795809536533
2022-09-18,202238,194,194,194,194,23.2967032967033,26.4379455714286,30.6648351648352,54.7755002032967,75.8694414010989,92.3200839615384,1796460,0.681698451398862,0.0181089475969406,0.184031929461274
2022-09-25,202239,140,140,140,140,23.3296703296703,26.8480559395604,32.5164835164835,50.1443683131868,75.032004978022,93.7780789835165,1796460,0.485558821237322,0.0181089475969406,0.0328785500372956
2022-10-02,202240,158,158,158,158,22.8296703296704,26.839494021978,33.0164835164835,50.5178442197803,78.3169546208791,94.0356697802197,1796460,0.302533872170825,0,0.0931604377497968
2022-10-09,202241,224,224,224,224,23.3571428571428,26.599588,31.6428571428571,55.7019652912088,79.3134625549451,93.6403908791209,1796460,0.646270999632611,0.0285728599579172,0.138158378143683
2022-10-16,202242,240,240,240,240,23.5494505494506,26.0411802802197,31.1043956043956,63.1704043681319,85.6868865934066,94.2459238241759,1796460,0.648107388976097,0.723394342206339,0.117861794863231
2022-10-23,202243,206,206,206,206,23.8021978021978,26.5291276593407,30.5604395604396,66.6171512362637,83.2380430494506,93.3802333846154,1796460,0.584317491065763,0.721021341972546,0.0287342885452501
2022-10-30,202244,251,251,251,251,19.5494505494505,24.3191691648351,30.5164835164835,44.0616788021978,69.4817613571428,90.6413706373627,1796460,0.738538570299367,0,0.0287342885452501
2022-11-06,202245,260,260,260,260,22.9340659340659,26.5606738021978,32.0604395604396,53.2494108296703,77.0766755714286,93.1487810989011,1796460,0.794659497010788,0.0170607750798793,0.0883554323502889
2022-11-13,202246,353,353,353,353,23.2637362637363,26.1556482637363,30.6373626373627,64.4677616373627,83.3523746868132,93.8861462637363,1796460,0.746734132683166,0.748517083597742,0.101861438607038
2022-11-20,202247,382,382,382,382,23.7967032967033,26.1012363681319,29.6703296703297,67.9659700439561,85.179196510989,94.2748845604396,1796460,0.687605067744342,0.765103035970742,0.0808595793950325
2022-11-27,202248,317,317,317,317,22.7472527472527,25.574954032967,30.2142857142857,63.6022754285714,84.9860102087912,93.7259548626374,1796460,0.242411743094753,0,0.0671041938033689
2022-12-04,202249,117,117,117,117,23.2857142857143,25.811379010989,30.3901098901099,64.6386403076923,86.7031035384615,94.3682736593406,1796460,0.134208387606738,0.651166182380905,0.0102084098727497
2022-12-11,202250,32,32,32,32,23.3589743589743,25.9295538525641,30.3141025641026,63.136014948718,84.9305536858975,94.1993798461539,1796460,0.0647478930786102,0.411623414938267,0
2022-12-18,202251,67,67,67,67,23.9423076923077,25.6176650576923,29.0192307692308,72.8147539038462,88.4267188461538,94.4186121153846,1796460,0.141916880977033,0.608550705275932,0.072369549001926
2022-12-25,202252,408,408,408,408,23.2564102564102,23.870799974359,25.0641025641026,88.5594885128205,92.8953530512821,94.386445,1796460,0.939127506317981,0.850299477862018,0.675913184819033
2023-01-01,202301,1213,1213,1213,1213,23.0989010989011,25.1775164615385,29.1868131868131,67.9893342637363,87.2889758846154,94.399709010989,1796460,1.54049185620609,0.906644734644801,0.788498491477684
2023-01-08,202302,1292,1292,1292,1292,23.0274725274725,25.2362637362637,29.0714285714286,68.860385456044,86.8949644230769,94.1757252747253,1796460,1.60248043374191,0.0462776794362246,0.758893601861439
2023-01-15,202303,1258,1258,1258,1258,24.5329670329671,24.5329670329671,24.5329670329671,88.9662739505494,88.9662739505494,88.9662739505494,1796460,1.58603754049631,0.960889193191053,0.503741803324316
2023-01-22,202304,1202,1202,1202,1202,24.5989010989011,24.6675824175824,24.7362637362637,92.490919043956,92.5087382747252,92.5265561868132,1796460,1.59937599501241,0.945746078398628,0.419344711265489
2023-01-29,202305,1060,1060,1060,1060,23.7417582417582,24.3356227142857,25.5054945054945,85.5021987362638,92.3949329175824,94.1712824505495,1796460,1.57446979058816,0.964645469423199,0.049084866904913
2023-02-05,202306,1148,1148,1148,1148,24.7472527472527,24.7912088791209,24.8791208791209,89.848662532967,89.8505448186814,89.8543091263737,1616379,1.63717667700459,0.955856887524522,0.0202959825634953
2023-02-12,202307,969,969,969,969,24.762937062937,24.9442307692308,25.1255244755245,91.3295425238927,92.140875855303,93.4147067231934,1616379,1.62230825814985,0.971148474460507,0.0371398044641758
2023-02-19,202308,969,969,969,969,23.2508361204013,25.2090599517439,28.6462016244625,73.0341049937888,88.7796619641662,95.2204392895366,1616379,1.68121894679404,0.9261348978179,0.0336678464642265
2023-02-26,202309,1144,1144,1144,1144,25.2903634826712,25.373709344792,25.458720766413,89.5462584123227,89.963069756739,90.3670035321687,1616379,1.69295134371332,0.940961865998012,0.351481304817744
2023-03-05,202310,1116,1116,1116,1116,25.1258852258852,25.356450956451,25.5835978835979,90.1596311018315,91.1022785608465,92.590254747904,1616379,1.67138214490537,0.953943351157123,0.145462790595522
2023-03-12,202311,909,909,909,909,24.7001392272886,24.9166492617473,25.1075530804038,88.5528249634528,91.1124716080751,93.1749902446919,1616379,1.65881825982644,0.976254331440832,0.043002909589892
2023-03-19,202312,744,744,744,744,22.8496133496134,24.3425556988197,27.6783557183557,75.5588286856329,89.5647500430932,94.528292390232,1616379,1.47481933383198,0,0.00482931292722808
2023-03-26,202313,657,657,657,657,24.3661242603551,25.5258053846154,27.542406311637,79.2885812800789,88.9678595308185,92.7722745650887,1616379,1.41670301334031,0.896459308120187,0.016592024519002
2023-04-02,202314,544,544,544,544,23.3736263736263,25.3861267362637,29.7912087912088,65.1488625604396,87.567593,94.562613021978,1616379,1.23249745263951,0.878982590097991,0.0280713867230396
2023-04-09,202315,603,603,603,603,23.5274725274726,26.3278387472527,31.5329670329671,62.1208592527473,85.6855362362638,94.6169923626373,1616379,1.33554321109096,0.889430634770682,0.0268445704874909
2023-04-16,202316,499,499,499,499,23.6098901098901,26.2740387252747,31.054945054945,62.7425550494506,85.7827919725275,94.5901264010989,1616379,1.34759731473868,0.883441940287519,0.0174327926804295
2023-04-23,202317,360,360,360,360,23.3130715438408,26.1779396369016,31.0923883808499,61.8413363741259,85.4823425201722,94.3688438232921,1616379,1.2121680620696,0.825821790557784,0.00805689754692433
2023-04-30,202318,379,379,379,379,25.3500323206205,25.7640917905623,26.2139625080802,89.0128471564318,90.7854236082741,91.4235288199741,1616379,1.0524041700616,0.889210389395061,0.00257179782711852
2023-05-07,202319,305,305,305,305,24.231043956044,24.8943338721978,25.8046703296704,86.7053965597253,91.0515092284066,93.5520290370879,1616379,1.00352701934385,0.816700786139884,0.0054690143833841
2023-05-14,202320,255,255,255,255,25.1700907787864,26.8140726989967,29.1925465838509,69.7688765370282,82.018417242236,89.2699111552795,1616379,0.671671680960963,0.807362011013506,0
2023-05-21,202321,203,203,203,203,24.0050327165711,25.9237687081181,29.7095817288125,71.5406953206224,88.0438732842898,94.0657119628065,1616379,0.806685189550223,0.722078794639129,0
2023-05-28,202322,169,169,169,169,24.7074786324787,24.8896603418803,25.1736467236467,90.4061144975071,91.6287420826211,92.8368717393163,1616379,0.428476242267439,0.763942738677006,0
2023-06-04,202323,159,159,159,159,22.0388804945055,26.0574395604396,31.3985425824176,53.8451700549451,77.5837736263736,92.8127576923077,1616379,0.558333781866753,0.299627748195194,0.0174327926804295
2023-06-11,202324,168,168,168,168,16.7211527472528,20.547218956044,26.0852065934066,59.952895054945,77.5217200549451,89.4244101648352,1616379,0.528745424185788,0,0.0363800816516423
2023-06-18,202325,188,188,188,188,23.813893078599,24.1116354234002,24.4749335631689,86.323660537456,88.3214606440542,89.8027921079509,1616379,0.572848941986997,0.767273021983087,0.0139595973469094
2023-06-25,202326,109,109,109,109,23.8358974358975,24.4644921794872,25.2369963369963,80.9312685069597,84.3506734681319,86.8638503340659,1616379,0.491730590412273,0.692990938387594,0
2023-07-02,202327,107,107,107,107,24.1419413919414,24.5352702405372,25.21467999593,81.1878092841754,85.089372088459,87.9035518729014,1616379,0.397016417560486,0.683025453807554,0
2023-07-09,202328,119,119,119,119,20.606689010989,26.1098796703297,32.6692206043956,41.9991972527473,65.9324717032967,84.1592848901099,1616379,0.415727375819656,0,0
2023-07-16,202329,94,94,94,94,20.6018862637363,26.3077763736264,33.2346156593407,37.6429714285714,64.025846978022,84.3067085164835,1616379,0.389289269410206,0,0
2023-07-23,202330,79,79,79,79,19.8804167582418,26.2476590659341,33.8585417582418,32.3306131868132,58.8652307692308,79.2734192307692,1616379,0.398159713779998,0,0
2023-07-30,202331,78,78,78,78,21.4244315934066,27.3717241758242,34.7475571428571,32.8056076923077,60.2691244505494,81.2131041208791,1616379,0.358149295431331,0,0.013337218560746
2023-08-06,202332,104,104,104,104,22.7811087912088,27.9966016483516,34.4519851648352,39.6362450549451,63.596879945055,81.9503648351648,1616379,0.500424096081426,0,0.0624210039848328
2023-08-13,202333,105,105,105,105,21.1513346153846,25.5580513736264,31.2047112637363,49.9011068681319,73.3263543956044,89.9742461538462,1616379,0.472599557405782,0,0.013337218560746
2023-08-20,202334,78,78,78,78,23.3360252747253,28.6247354395604,34.8928032967033,40.0902505494506,64.2056645604396,83.2550304945055,1616379,0.45134031065734,0,0
2023-08-27,202335,53,53,53,53,23.054181043956,27.2034629120879,32.849218956044,51.6166269230769,74.1580741758242,89.5363483516483,1616379,0.361426373393864,0,0
2023-09-03,202336,52,52,52,52,23.7906521978022,28.4656818681319,34.6257714285714,40.9272763736264,66.1795607142857,85.0635258241758,1616379,0.407233080855418,0,0
2023-09-10,202337,70,70,70,70,23.4628956043956,27.9269912087912,34.2160271978022,44.6342546703297,69.4085200549451,86.6307321428571,1616379,0.428528828944202,0,0.0570423149521245
2023-09-17,202338,82,82,82,82,23.3788074175824,27.8520244505495,33.9370947802198,47.0371142857143,70.7067162087912,87.5315961538462,1616379,0.394224374357747,0,0.0227378603656692
2023-09-24,202339,69,69,69,69,24.660110989011,29.047356043956,34.7299505494505,45.7408615384615,67.894360989011,84.6294873626374,1616379,0.417091536081575,0,0.0591439260223005
2023-10-01,202340,79,79,79,79,24.4040906593407,29.2404978021978,35.304,44.1988302197802,68.1799532967033,87.2335354395604,1616379,0.417091536081575,0,0
2023-10-08,202341,87,87,87,87,24.3883236263736,28.5147365384615,34.0443587912088,48.3583453296703,71.5244483516484,88.7203623626374,1616379,0.376163016223299,0,0.293725048395209
2023-10-15,202342,133,133,133,133,23.9479983516484,29.0232782967033,35.5257456043956,40.5150667582418,66.5968010989011,86.7417354395604,1616379,0.398370679153837,0,0.0760712679390168
2023-10-22,202343,118,118,118,118,24.5099475274725,28.2201082417582,33.6714453296703,51.5912335164835,72.3307862637363,86.6601804945055,1616379,0.414577892932289,0,0.00805689754692433
2023-10-29,202344,89,89,89,89,23.9466777472527,27.6694791208791,32.497728021978,54.0593186813187,74.3960491758242,89.5093195054945,1616379,0.389500234784045,0.0786944151093277,0
2023-11-05,202345,102,102,102,102,24.3566052197802,28.7135832417582,34.4258357142857,46.764396978022,70.6715236263736,88.8811217032967,1616379,0.39846409783844,0,0
2023-11-12,202346,53,53,53,53,24.9272706043956,29.3308945054945,35.0064098901099,45.8033502747253,67.8161335164835,85.4210027472527,1616379,0.0171370699569841,0,0
2023-11-19,202347,56,56,56,56,24.1786423076923,27.0369244505495,30.9259203296703,61.4742357142857,80.7271777472528,93.4005914835165,1616379,0.0942718261001906,0.532925136988293,0
2023-11-26,202348,78,78,78,78,23.699039010989,27.1385854395604,31.7609991758242,57.233253021978,79.4026104395604,94.0822351648352,1616379,0.137682437101695,0.334219264170099,0.0200070651746898
2023-12-03,202349,69,69,69,69,23.381582967033,26.4983571428571,30.7497928571429,63.7565304945055,84.4729184065934,97.25785,1616379,0.0618023371993821,0.440776575295769,0.013337218560746
2023-12-10,202350,47,47,47,47,24.1874826923077,27.3123722527473,31.4310502747253,64.0153648351648,83.9788925824176,96.7294304945055,1616379,0.056057397429687,0.158688649134887,0
2023-12-17,202351,25,25,25,25,24.0547612637363,26.8440873626374,30.4479519230769,68.0452532967033,85.5973010989011,96.1975747252747,1616379,0.0119501676277655,0.515545549651412,0
2023-12-24,202352,59,59,59,59,24.0966450549451,27.3019590659341,31.7208686813187,59.9622057692308,80.7608868131868,94.0304684065934,1616379,0.36218980820711,0.593332999253269,0.350239640579344
2023-12-31,202401,340,340,340,340,23.281928021978,25.2817266483516,28.3786906593407,75.872764010989,90.5786956043956,97.9970192307692,1616379,0.878539006012823,0.679116098390291,0.487729672310764
2024-01-07,202402,442,442,442,442,23.2730285714286,25.7289538461538,29.2668151098901,70.5813656593407,86.6647019230769,96.0165480769231,1616379,1.0254067888781,0.751078181540344,0.590735836087947
2024-01-14,202403,592,592,592,592,23.6058186813187,26.3072788461538,30.0063461538461,68.6062458791209,86.9845365384615,97.5005585164835,1616379,1.0319764114728,0.823233907394244,0.522137444250389
2024-01-21,202404,631,631,631,631,23.7840137362637,26.2318782967033,29.767706043956,73.016003021978,89.2058769230769,98.2843851648352,1616379,1.0322659475284,0.863647077820239,0.0819974770768489
2024-01-28,202405,847,847,847,847,23.7142326923077,26.5890233516483,30.576171978022,65.8819733516484,84.3965656593407,95.994806043956,1616379,1.22883432660286,0.847407074702158,0.562086614587297
2024-02-04,202406,832,832,832,832,23.750978021978,26.5921282967033,30.5664945054945,66.8077980769231,85.4060425824176,96.4131582417582,1616379,1.30792035778738,0.872446375509704,0.35838748214373
2024-02-11,202407,1007,1007,1007,1007,23.8220230769231,26.431717032967,30.3432142857143,67.7124381868132,87.3300063186813,97.7860228021978,1616379,1.48304760207847,0.909651139986352,0.568139031749361
2024-02-18,202408,1374,1374,1374,1374,23.6391239010989,25.5039019230769,28.2115398351648,80.163896978022,92.3850038461539,98.6792085164835,1616379,1.57055492554655,0.868979985510824,0.56850218915242
2024-02-25,202409,1361,1361,1361,1361,23.3938505494505,26.4483532967033,30.8077769230769,64.4812472527473,85.487539010989,97.6629032967033,1616379,1.50991073256953,0.881284030539867,0.357746543354003
2024-03-03,202410,1265,1265,1265,1265,23.696339010989,26.4759208791209,30.7134651098901,67.4065241758242,86.8704994505494,97.9179997252747,1616379,1.58690567001922,0.910572334829888,0.109165610293131
2024-03-10,202411,1188,1188,1188,1188,24.8083771978022,28.0013010989011,32.434414010989,61.8564815934066,82.5054857142857,95.3557846153846,1616379,1.62163762335442,0.982488636637818,0.171264288882743
2024-03-17,202412,1004,1004,1004,1004,23.8895626373626,26.1514307692308,29.2860173076923,72.0603681318681,87.3144288461538,96.6798686813187,1616379,1.50454751020646,0.883454313623228,0.0996962964750223
2024-03-24,202413,591,591,591,591,22.9171980769231,24.6944453296703,27.4322664835165,81.6967837912088,92.6491543956044,98.473206043956,1616379,1.35526445221077,0.474779120490924,0.0624210039848328
2024-03-31,202414,574,574,574,574,23.6226057692308,26.2720975274725,29.9356090659341,71.252106043956,88.3648464285714,97.8570857142857,1616379,1.35427458535405,0.856770596499955,0.0231127724376523
2024-04-07,202415,453,453,453,453,23.4354148351648,25.6169409340659,28.7918456043956,75.702654945055,90.0050052197802,97.8409862637363,1616379,0.939616265739656,0.791481453297772,0.00740296675470295
2024-04-14,202416,408,408,408,408,23.598989010989,25.8596711538462,29.1673508241758,75.6203936813187,89.8044752747253,97.4918692307692,1616379,1.14830680180824,0.856404345762968,0.0243729966796154
2024-04-21,202417,304,304,304,304,23.5587782967033,26.3897728021978,30.2942961538462,69.3776192307692,87.2693046703297,97.7902821428572,1616379,1.00266830984565,0.797502937120564,0
2024-04-28,202418,226,226,226,226,23.824064010989,27.125843956044,31.4650101648352,60.878928021978,83.1322508241758,95.9898785714286,1616379,0.539293692877722,0.695595525554341,0.00691855066169506
2024-05-05,202419,200,200,200,200,23.9733258241758,27.6030686813187,32.0763983516484,55.5475923076923,78.1419134615385,92.6139733516484,1616379,0.538576658073385,0.445407914851653,0.00691855066169506
2024-05-12,202420,155,155,155,155,22.1895590659341,25.8860519230769,30.5356700549451,57.674956043956,77.6490362637363,91.140220054945,1616379,0.444781205397991,0.327445481536199,0
2024-05-19,202421,110,110,110,110,22.5313401098901,25.799382967033,29.7609807692308,61.7800651098901,81.0474206043956,93.3669098901099,1616379,0.374680690605359,0.489241693934405,0
2024-05-26,202422,79,79,79,79,19.1587027472527,23.2278508241758,28.4585376373626,51.9243662087912,72.7828456043956,84.6431096153846,1616379,0.358149295431331,0,0
2024-06-02,202423,100,100,100,100,21.6881184065934,26.2301653846154,32.1490153846154,40.7675156593407,68.3362351648352,84.4565840659341,1616379,0.467000622997453,0,0.0231777324501246
2024-06-09,202424,89,89,89,89,21.6992706043956,26.7880958791209,33.3009975274725,34.5150909340659,60.0119824175824,76.3850557692308,1616379,0.358567514178296,0,0.285668150848285
2024-06-16,202425,92,92,92,92,22.3738961538461,27.4905442307692,33.7072173076923,33.5529796703297,58.507235989011,77.1395173076923,1616379,0.395810635995642,0,0.0139595973469094
2024-06-23,202426,65,65,65,65,22.4323395604396,27.4161824175824,33.5032423076923,34.0436162087912,58.4860153846154,77.2872151098901,1616379,0.372108892778241,0,0
2024-06-30,202427,65,65,65,65,21.9799057692308,26.7876214285714,32.8719923076923,36.5112379120879,59.9763766483516,76.7971989010989,1616379,0.344812076870585,0,0
2024-07-07,202428,61,61,61,61,20.8715568681319,25.2939521978022,30.6508648351648,38.8899085164835,56.6553137362637,69.3855057692308,1616379,0.358149295431331,0,0
2024-07-14,202429,58,58,58,58,18.9509293956044,24.5692263736264,31.8362565934066,29.8616543956044,51.7827508241758,67.333914010989,1616379,0.344812076870585,0,0
2024-07-21,202430,53,53,53,53,20.9179107142857,27.1675090659341,34.6620049450549,24.3707293956044,48.2691458791209,67.979285989011,1616379,0.344812076870585,0,0
2024-07-28,202431,66,66,66,66,22.1007021978022,27.9617453296703,34.9180788461538,26.4667502747253,48.4491684065934,67.2093184065934,1616379,0.344812076870585,0,0
2024-08-04,202432,64,64,64,64,22.202996978022,27.4862211538462,33.4740288461538,30.7470697802198,50.7365266483516,67.5914587912088,1616379,0.372108892778241,0,0.0139595973469094
2024-08-11,202433,70,70,70,70,20.840503021978,26.8522431318681,34.4507758241758,26.6188903846154,46.8006247252747,62.4337708791209,1616379,0.372108892778241,0,0.013337218560746
2024-08-18,202434,64,64,64,64,24.2847554945055,29.9476134615385,36.1928744505495,28.4575101648352,49.5657354395604,70.1357370879121,1616379,0.371486513992077,0,0
2024-08-25,202435,46,46,46,46,21.8031574175824,27.7352769230769,34.5080516483516,26.9203315934066,45.984567032967,61.4393090659341,1616379,0.285668150848285,0,0
2024-09-01,202436,29,29,29,29,23.99725,29.9133318681319,36.7598824175824,25.5970807692308,46.8969851648352,64.706481043956,1616379,0,0,0
2024-09-08,202437,42,42,42,42,24.6106324175824,30.4320667582418,36.9725131868132,27.4783524725275,51.3953153846154,71.5548467032967,1616379,0.0649290791330499,0,0
2024-09-15,202438,38,38,38,38,25.0478450549451,30.117082967033,36.1941865384615,34.2030587912088,56.9223027472527,74.7113167582418,1616379,0.285668150848285,0,0
2024-09-22,202439,35,35,35,35,25.3926313186813,30.095328021978,35.7559714285714,38.2336593406593,58.0940137362637,74.4932791208791,1616379,0.285668150848285,0,0
2024-09-29,202440,33,33,33,33,24.4522381868132,28.8730035714286,34.525681043956,45.1343398351648,69.264067032967,86.7684381868132,1616379,0.0591439260223005,0,0
2024-10-06,202441,41,41,41,41,25.0250793956044,30.0810662087912,35.8095708791209,39.4225049450549,60.8002848901099,79.8303368131868,1616379,0.299005369409031,0,0
2024-10-13,202442,52,52,52,52,24.7168785714286,28.5218898351648,33.128435989011,51.065095054945,71.1370126373626,86.4397912087912,1616379,0.358149295431331,0.00691855066169506,0
2024-10-20,202443,35,35,35,35,24.1995623626374,27.5408620879121,32.0250192307692,57.8382752747253,78.876871978022,92.6061123626374,1616379,0.285668150848285,0.38766774376554,0
2024-10-27,202444,59,59,59,59,23.594839010989,26.4096071428571,30.0797442307692,67.2661747252747,85.6746115384615,96.809085989011,1616379,0.29761831847605,0.578711428445928,0.0119501676277655
2024-11-03,202445,55,55,55,55,23.5495582417582,26.1938376373626,29.9366302197802,68.1688211538462,86.0795434065934,96.3422093406593,1616379,0.310955537036796,0.629440867519313,0
2024-11-10,202446,84,84,84,84,22.8110535714286,25.5264315934066,29.6590087912088,65.2003703296703,84.7171793956044,96.064960989011,1616379,0.452429164199733,0.486609266762313,0.084431312210812
2024-11-17,202447,66,66,66,66,22.4369186813187,25.0739093406593,28.729232967033,69.5654909340659,86.5014,96.627467032967,1616379,0.37419503717878,0.317060540875624,0.0174327926804295
2024-11-24,202448,77,77,77,77,22.8239041208791,25.9569711538462,30.0557104395604,64.3287414835165,83.5658815934066,96.0937046703297,1616379,0.367997851988921,0.402989026707226,0
2024-12-01,202449,114,114,114,114,22.9660978021978,25.6977414835165,29.0732722527473,69.1947980769231,85.5198791208791,95.8501,1616379,0.444574570691651,0.367794310616508,0.344812076870585
2024-12-08,202450,105,105,105,105,22.8542989010989,26.350342032967,30.9720681318681,60.3122335164835,81.7184431318681,95.726942032967,1616379,0.36216258686855,0.442216831572298,0.00401329143721862
2024-12-15,202451,87,87,87,87,22.8980791208791,25.4915505494505,29.0127513736264,68.5802431318681,85.2882909340659,95.8841769230769,1616379,0.429846589197212,0.429965991886804,0.0353753667920704
2024-12-22,202452,51,51,51,51,22.7830980769231,25.4066145604396,28.7837664835165,69.6957263736264,85.3720137362637,95.7812412087912,1616379,0.358149295431331,0.378613555360469,0
2024-12-29,202501,107,108,107,122,22.7336348901099,25.2519181318681,28.8780406593407,69.1877673076923,86.9213192307692,97.0163895604396,1616379,0.428528828944202,0.364198619259468,0.299005369409031
2025-01-05,202502,161,164,161,187,22.3603002747253,24.6288598901099,27.7266332417582,73.3638104395604,89.5475744505494,98.4929799450549,1616379,0.415663034473969,0.322916221999915,0.370099463059097
2025-01-12,202503,140,148,140,180,22.2881637362637,24.4752241758242,27.5378096153846,75.8893596153846,90.3667986263736,98.4447706043956,1616379,0.391560395179596,0.299627748195194,0.285668150848285
2025-01-19,202504,186,199,187,249,NA,NA,NA,NA,NA,NA,1616379,0.718778207338749,0.299627748195194,0.304269605086431
2025-01-26,202505,178,199,180,277,NA,NA,NA,NA,NA,NA,1616379,0.878027368581255,0.299627748195194,0.206214012926424
2025-02-02,202506,156,188,161,291,NA,NA,NA,NA,NA,NA,1616379,0.561839147873116,0.299627748195194,0.156258526001637
2025-02-09,202507,162,212,170,365,NA,NA,NA,NA,NA,NA,1616379,0.480389190901391,0.299627748195194,0.0841869388305589
2025-02-16,202508,121,202.5,135,449,NA,NA,NA,NA,NA,NA,1616379,0.46522628665678,0.299627748195194,0.0591439260223005
2025-02-23,202509,53,202,81,794,NA,NA,NA,NA,NA,NA,1616379,0.500601653448851,0.285668150848285,0
2025-03-02,202510,13,248,59,1304,NA,NA,NA,NA,NA,NA,1616379,0.805217093268349,0.285668150848285,0.344812076870585
